{ "indexes" : [ { "v" : 1, "key" : { "_id" : 1 }, "ns" : "meteor.users", "name" : "_id_" }, { "v" : 1, "key" : { "username" : 1 }, "unique" : true, "ns" : "meteor.users", "name" : "username_1", "sparse" : 1 }, { "v" : 1, "key" : { "emails.address" : 1 }, "unique" : true, "ns" : "meteor.users", "name" : "emails.address_1", "sparse" : 1 }, { "v" : 1, "key" : { "services.resume.loginTokens.hashedToken" : 1 }, "unique" : true, "ns" : "meteor.users", "name" : "services.resume.loginTokens.hashedToken_1", "sparse" : 1 }, { "v" : 1, "key" : { "services.resume.loginTokens.token" : 1 }, "unique" : true, "ns" : "meteor.users", "name" : "services.resume.loginTokens.token_1", "sparse" : 1 }, { "v" : 1, "key" : { "services.resume.haveLoginTokensToDelete" : 1 }, "ns" : "meteor.users", "name" : "services.resume.haveLoginTokensToDelete_1", "sparse" : 1 }, { "v" : 1, "key" : { "services.resume.loginTokens.when" : 1 }, "ns" : "meteor.users", "name" : "services.resume.loginTokens.when_1", "sparse" : 1 }, { "v" : 1, "key" : { "services.email.verificationTokens.token" : 1 }, "unique" : true, "ns" : "meteor.users", "name" : "services.email.verificationTokens.token_1", "sparse" : 1 }, { "v" : 1, "key" : { "services.password.reset.token" : 1 }, "unique" : true, "ns" : "meteor.users", "name" : "services.password.reset.token_1", "sparse" : 1 } ] }