{ "_id" : "2KAK8LBs278w5soj4", "quizzId" : "8yhaWqRYefjpcxptS", "userId" : "Cu5cuKGqwLv35uNjM", "quizz" : [ { "question" : "How old?", "answer" : "30", "parent_tag" : "نگرانی ها", "tag" : "چین و چروک" } ] }
{ "_id" : "6PkZAmPyRpAgPpJQe", "quizzId" : "ngNrqAKoFiSPg88Qd", "userId" : "Cu5cuKGqwLv35uNjM", "quizz" : [ { "question" : [ "undefined", "Black" ], "answer" : [ "undefined", "Black" ] }, { "question" : [ "undefined", "30" ], "answer" : [ "undefined", "30" ] } ] }
{ "_id" : "8yi7CNaSia5HnmZJi", "quizzId" : "ngNrqAKoFiSPg88Qd", "userId" : "Cu5cuKGqwLv35uNjM", "quizz" : [ { "question" : [ "undefined", "Blue" ], "answer" : [ "undefined", "Blue" ] }, { "question" : [ "undefined", "20" ], "answer" : [ "undefined", "20" ] } ] }
{ "_id" : "BooXJMayYF79Caxqt", "userId" : "Cu5cuKGqwLv35uNjM", "quizz" : [ { "quetion" : "Color?", "answer" : "Black" }, { "quetion" : "How old?", "answer" : "30" } ] }
{ "_id" : "TxSWbzQaFmhWsK6bb", "quizzId" : "ngNrqAKoFiSPg88Qd", "userId" : "Cu5cuKGqwLv35uNjM", "quizz" : [ { "question" : [ "undefined", "Black" ], "answer" : [ "undefined", "Black" ] }, { "question" : [ "undefined", "Black" ], "answer" : [ "undefined", "Black" ] }, { "question" : [ "undefined", "30" ], "answer" : [ "undefined", "30" ] } ] }
{ "_id" : "a9vozHrfC93c4Cg6J", "quizzId" : "vZTJLQqzsrmEqXaMT", "userId" : "Cu5cuKGqwLv35uNjM", "quizz" : [ { "question" : "Who are you?", "answer" : "Im blue", "parent_tag" : "نتیجه پایانی", "tag" : "شفاف کننده" } ] }
{ "_id" : "akerXCJKXPyTkesti", "userId" : "Cu5cuKGqwLv35uNjM", "quizz" : [ { "quetion" : "Color?", "answer" : "Blue" }, { "quetion" : "How old?", "answer" : "30" }, { "quetion" : "How old?", "answer" : "20" } ] }
{ "_id" : "drrLF4yvSXTfgXx68", "quizzId" : "3B2KJ4jFn72NQ6xAN", "userId" : "Cu5cuKGqwLv35uNjM", "quizz" : [ { "question" : "how old are you2", "answer" : "jgkut", "parent_tag" : "نتیجه پایانی", "tag" : "شفاف" }, { "question" : "how old are you", "answer" : "jgkut", "parent_tag" : "نگرانی ها", "tag" : "شفاف" } ] }
{ "_id" : "gwg7aMfh4EMvDhu8L", "quizzId" : "vZTJLQqzsrmEqXaMT", "userId" : "Cu5cuKGqwLv35uNjM", "quizz" : [ { "question" : [ "undefined", "Im blue" ], "answer" : [ "undefined", "Im blue" ] }, { "question" : [ "undefined", "Black" ], "answer" : [ "undefined", "Black" ] }, { "question" : [ "undefined", "Black" ], "answer" : [ "undefined", "Black" ] }, { "question" : [ "undefined", "30" ], "answer" : [ "undefined", "30" ] } ] }
{ "_id" : "hiEFrZ6bzyfB7ze5h", "quizzId" : "ngNrqAKoFiSPg88Qd", "userId" : "Cu5cuKGqwLv35uNjM", "quizz" : [ { "question" : "Color?", "answer" : "Blue", "parent_tag" : "نتیجه پایانی", "tag" : "براق" }, { "question" : "How old?", "answer" : "30", "parent_tag" : "پوشش دهی", "tag" : "سبک" } ] }
{ "_id" : "hqxTtY5kJQtqZZgqP", "userId" : "Cu5cuKGqwLv35uNjM", "quizz" : [ { "quetion" : [ "undefined", "Blue" ], "answer" : [ "undefined", "Blue" ] }, { "quetion" : [ "undefined", "30" ], "answer" : [ "undefined", "30" ] } ] }
{ "_id" : "mdtEesgdHv8ZnW7iX", "quizzId" : "vZTJLQqzsrmEqXaMT", "userId" : "Cu5cuKGqwLv35uNjM", "quizz" : [ { "question" : "Who are you?", "answer" : "Im black", "parent_tag" : "نتیجه پایانی", "tag" : "شفاف کننده" } ] }
{ "_id" : "nnxyE5zfzAgddxbSN", "userId" : "Cu5cuKGqwLv35uNjM", "quizz" : [ { "quetion" : "Color?", "answer" : "Black" }, { "quetion" : "How old?", "answer" : "20" } ] }
{ "_id" : "pG7JDHxkbcaeR24By", "quizzId" : "ngNrqAKoFiSPg88Qd", "userId" : "Cu5cuKGqwLv35uNjM", "quizz" : [ { "question" : [ "undefined", "Black" ], "answer" : [ "undefined", "Black" ] }, { "question" : [ "undefined", "30" ], "answer" : [ "undefined", "30" ] } ] }
{ "_id" : "uEperSJLaWmftyKgb", "userId" : "Cu5cuKGqwLv35uNjM", "quizz" : [ { "quetion" : "How old?", "answer" : "20" } ] }
{ "_id" : "vKPP6MFsZdvHKXaDA", "quizzId" : "vZTJLQqzsrmEqXaMT", "userId" : "Cu5cuKGqwLv35uNjM", "quizz" : [ { "question" : "Who are you?", "answer" : "Im blue", "parent_tag" : "نتیجه پایانی", "tag" : "شفاف کننده" } ] }
{ "_id" : "wgaCireiCk7e4cSau", "userId" : "Cu5cuKGqwLv35uNjM", "quizz" : [ { "quetion" : "Color?", "answer" : "Blue" }, { "quetion" : "How old?", "answer" : "20" } ] }
