{ "_id" : "5kByB7iGZoH2srvmh", "parentId" : "PkTvRAjf3AeDJmTTy", "value" : "آبی" }
{ "_id" : "9HFbzupgii8rXdqaT", "parentId" : "vasJeajRHQThjHZZW", "value" : "75 ML" }
{ "_id" : "9xktpbJJL9ikE945d", "parentId" : "vasJeajRHQThjHZZW", "value" : "30 ML" }
{ "_id" : "BFSxzBSvcJPtCwmxS", "parentId" : "PkTvRAjf3AeDJmTTy", "value" : "صورتی" }
{ "_id" : "DB8oP7vmmxbYCHYc9", "parentId" : "vasJeajRHQThjHZZW", "value" : "100 ML" }
{ "_id" : "EPfbG27Lfve2c2o4a", "parentId" : "PkTvRAjf3AeDJmTTy", "value" : "مشکی" }
{ "_id" : "MqPDXyqCwBu4ehCiT", "parentId" : "PkTvRAjf3AeDJmTTy", "value" : "خاکستری" }
{ "_id" : "NrkRo7r246roBNAkK", "parentId" : "PkTvRAjf3AeDJmTTy", "value" : "قرمز" }
{ "_id" : "Rguc8XSrjgjcyJCjm", "parentId" : "tdG49Eva6KwLzJnvx", "value" : "Black" }
{ "_id" : "SNtqY7RRGGeW4G9PY", "parentId" : "vasJeajRHQThjHZZW", "value" : "125 ML" }
{ "_id" : "XqxZE2zocRsbBabkf", "parentId" : "vasJeajRHQThjHZZW", "value" : "80 ML" }
{ "_id" : "ZbfvrbFba4FHJBjrY", "parentId" : "vasJeajRHQThjHZZW", "value" : "200 ML" }
{ "_id" : "ZizMtrBavyM8AJxF4", "parentId" : "vasJeajRHQThjHZZW", "value" : "65 ML" }
{ "_id" : "aM8NEJjYhq59EtG7c", "parentId" : "PkTvRAjf3AeDJmTTy", "value" : "سبز" }
{ "_id" : "b8t6i7rFKSbGR2aas", "parentId" : "vasJeajRHQThjHZZW", "value" : "65 ML" }
{ "_id" : "c2sPeWi23fAHPcjiM", "parentId" : "vasJeajRHQThjHZZW", "value" : "60 ML" }
{ "_id" : "cbbMZrYpF5HHfY8w6", "parentId" : "vasJeajRHQThjHZZW", "value" : "120 ML" }
{ "_id" : "cxHDbum6YtmAkphKB", "parentId" : "jaEg3mbCzsNfZRSio", "value" : "1ml" }
{ "_id" : "cxboPLTj7qkqiELFN", "parentId" : "PkTvRAjf3AeDJmTTy", "value" : "بنفش" }
{ "_id" : "dbvSaQpLLyCQz6jq6", "parentId" : "jaEg3mbCzsNfZRSio", "value" : "100ml" }
{ "_id" : "hsykRx9j5ZngepJRH", "parentId" : "tdG49Eva6KwLzJnvx", "value" : "White" }
{ "_id" : "maF52LAsMfJNGFT7k", "parentId" : "vasJeajRHQThjHZZW", "value" : "50 ML" }
{ "_id" : "nKmYdBA4RQvimwdF8", "parentId" : "vasJeajRHQThjHZZW", "value" : "90 ML" }
{ "_id" : "sstuEZoTyJ2DmX45Q", "parentId" : "jaEg3mbCzsNfZRSio", "value" : "25ml" }
{ "_id" : "uRXaMgkhZyHFQ4y6k", "parentId" : "PkTvRAjf3AeDJmTTy", "value" : "نارنجی" }
{ "_id" : "ytc8K3DJq9rkr6dgG", "parentId" : "vasJeajRHQThjHZZW", "value" : "40 ML" }
{ "_id" : "zGBCR8zvCKLYN3zkd", "parentId" : "quxTDdqtNg3Ab2djc", "value" : "2.4ml" }
{ "_id" : { "$oid" : "56aabaee86fa8eea8ea590fe" }, "parentId" : "PkTvRAjf3AeDJmTTy", "value" : "001 Bright Light" }
{ "_id" : { "$oid" : "56aabaee86fa8eea8ea590ff" }, "parentId" : "PkTvRAjf3AeDJmTTy", "value" : "001 Crystal Lilac" }
{ "_id" : { "$oid" : "56aabaee86fa8eea8ea59100" }, "parentId" : "PkTvRAjf3AeDJmTTy", "value" : "001 Crystal Rose" }
{ "_id" : { "$oid" : "56aabaee86fa8eea8ea59101" }, "parentId" : "PkTvRAjf3AeDJmTTy", "value" : "001 Glowing Pink" }
{ "_id" : { "$oid" : "56aabaee86fa8eea8ea59102" }, "parentId" : "PkTvRAjf3AeDJmTTy", "value" : "001 Luminous Beige" }
{ "_id" : { "$oid" : "56aabaee86fa8eea8ea59103" }, "parentId" : "PkTvRAjf3AeDJmTTy", "value" : "001 Lune" }
{ "_id" : { "$oid" : "56aabaee86fa8eea8ea59104" }, "parentId" : "PkTvRAjf3AeDJmTTy", "value" : "001 Pink Shape" }
{ "_id" : { "$oid" : "56aabaee86fa8eea8ea59105" }, "parentId" : "PkTvRAjf3AeDJmTTy", "value" : "001 Radiant Rose" }
{ "_id" : { "$oid" : "56aabaee86fa8eea8ea59106" }, "parentId" : "PkTvRAjf3AeDJmTTy", "value" : "001 Rose Cream" }
{ "_id" : { "$oid" : "56aabaee86fa8eea8ea59107" }, "parentId" : "PkTvRAjf3AeDJmTTy", "value" : "001 TRANSPARENT" }
{ "_id" : { "$oid" : "56aabaee86fa8eea8ea59108" }, "parentId" : "PkTvRAjf3AeDJmTTy", "value" : "001 Universal Beige" }
{ "_id" : { "$oid" : "56aabaee86fa8eea8ea59109" }, "parentId" : "PkTvRAjf3AeDJmTTy", "value" : "001 Universal Brown" }
{ "_id" : { "$oid" : "56aabaee86fa8eea8ea5910a" }, "parentId" : "PkTvRAjf3AeDJmTTy", "value" : "002 BLONDE" }
{ "_id" : { "$oid" : "56aabaee86fa8eea8ea5910b" }, "parentId" : "PkTvRAjf3AeDJmTTy", "value" : "002 Coral Shape" }
{ "_id" : { "$oid" : "56aabaee86fa8eea8ea5910c" }, "parentId" : "PkTvRAjf3AeDJmTTy", "value" : "002 Crystal Beige" }
{ "_id" : { "$oid" : "56aabaee86fa8eea8ea5910d" }, "parentId" : "PkTvRAjf3AeDJmTTy", "value" : "002 Glowing Nude" }
{ "_id" : { "$oid" : "56aabaee86fa8eea8ea5910e" }, "parentId" : "PkTvRAjf3AeDJmTTy", "value" : "002 Golden Peach" }
{ "_id" : { "$oid" : "56aabaee86fa8eea8ea5910f" }, "parentId" : "PkTvRAjf3AeDJmTTy", "value" : "002 Universal Dark Brown" }
{ "_id" : { "$oid" : "56aabaee86fa8eea8ea59110" }, "parentId" : "PkTvRAjf3AeDJmTTy", "value" : "003 BROWN" }
{ "_id" : { "$oid" : "56aabaee86fa8eea8ea59111" }, "parentId" : "PkTvRAjf3AeDJmTTy", "value" : "003 Beige Contour" }
{ "_id" : { "$oid" : "56aabaee86fa8eea8ea59112" }, "parentId" : "PkTvRAjf3AeDJmTTy", "value" : "003 Blue Crystal" }
{ "_id" : { "$oid" : "56aabaee86fa8eea8ea59113" }, "parentId" : "PkTvRAjf3AeDJmTTy", "value" : "003 Sunny Amber" }
{ "_id" : { "$oid" : "56aabaee86fa8eea8ea59114" }, "parentId" : "PkTvRAjf3AeDJmTTy", "value" : "004 Brown Contour" }
{ "_id" : { "$oid" : "56aabaee86fa8eea8ea59115" }, "parentId" : "PkTvRAjf3AeDJmTTy", "value" : "004 Tiara" }
{ "_id" : { "$oid" : "56aabaee86fa8eea8ea59116" }, "parentId" : "PkTvRAjf3AeDJmTTy", "value" : "005 Glory" }
{ "_id" : { "$oid" : "56aabaee86fa8eea8ea59117" }, "parentId" : "PkTvRAjf3AeDJmTTy", "value" : "005 Mocha" }
{ "_id" : { "$oid" : "56aabaee86fa8eea8ea59118" }, "parentId" : "PkTvRAjf3AeDJmTTy", "value" : "006 Infinity" }
{ "_id" : { "$oid" : "56aabaee86fa8eea8ea59119" }, "parentId" : "PkTvRAjf3AeDJmTTy", "value" : "008 Mitzah" }
{ "_id" : { "$oid" : "56aabaee86fa8eea8ea5911a" }, "parentId" : "PkTvRAjf3AeDJmTTy", "value" : "008 SMOKY DESIGN" }
{ "_id" : { "$oid" : "56aabaee86fa8eea8ea5911b" }, "parentId" : "PkTvRAjf3AeDJmTTy", "value" : "009 Award" }
{ "_id" : { "$oid" : "56aabaee86fa8eea8ea5911c" }, "parentId" : "PkTvRAjf3AeDJmTTy", "value" : "010 Beige" }
{ "_id" : { "$oid" : "56aabaee86fa8eea8ea5911d" }, "parentId" : "PkTvRAjf3AeDJmTTy", "value" : "010 IVORY" }
{ "_id" : { "$oid" : "56aabaee86fa8eea8ea5911e" }, "parentId" : "PkTvRAjf3AeDJmTTy", "value" : "010 Porcelain" }
{ "_id" : { "$oid" : "56aabaee86fa8eea8ea5911f" }, "parentId" : "PkTvRAjf3AeDJmTTy", "value" : "011 Crème" }
{ "_id" : { "$oid" : "56aabaee86fa8eea8ea59120" }, "parentId" : "PkTvRAjf3AeDJmTTy", "value" : "012 Pink" }
{ "_id" : { "$oid" : "56aabaee86fa8eea8ea59121" }, "parentId" : "PkTvRAjf3AeDJmTTy", "value" : "013 Ange Bleu" }
{ "_id" : { "$oid" : "56aabaee86fa8eea8ea59122" }, "parentId" : "PkTvRAjf3AeDJmTTy", "value" : "013 Etoilée" }
{ "_id" : { "$oid" : "56aabaee86fa8eea8ea59123" }, "parentId" : "PkTvRAjf3AeDJmTTy", "value" : "014 Dolce Vita" }
{ "_id" : { "$oid" : "56aabaee86fa8eea8ea59124" }, "parentId" : "PkTvRAjf3AeDJmTTy", "value" : "015 Broadway" }
{ "_id" : { "$oid" : "56aabaee86fa8eea8ea59125" }, "parentId" : "PkTvRAjf3AeDJmTTy", "value" : "020 LIGHT BEIGE" }
{ "_id" : { "$oid" : "56aabaee86fa8eea8ea59126" }, "parentId" : "PkTvRAjf3AeDJmTTy", "value" : "020 Medium beige" }
{ "_id" : { "$oid" : "56aabaee86fa8eea8ea59127" }, "parentId" : "PkTvRAjf3AeDJmTTy", "value" : "020 Medium" }
{ "_id" : { "$oid" : "56aabaee86fa8eea8ea59128" }, "parentId" : "PkTvRAjf3AeDJmTTy", "value" : "020 Victoire" }
{ "_id" : { "$oid" : "56aabaee86fa8eea8ea59129" }, "parentId" : "PkTvRAjf3AeDJmTTy", "value" : "021 Etoile" }
{ "_id" : { "$oid" : "56aabaee86fa8eea8ea5912a" }, "parentId" : "PkTvRAjf3AeDJmTTy", "value" : "021 Icône" }
{ "_id" : { "$oid" : "56aabaee86fa8eea8ea5912b" }, "parentId" : "PkTvRAjf3AeDJmTTy", "value" : "021 LINEN" }
{ "_id" : { "$oid" : "56aabaee86fa8eea8ea5912c" }, "parentId" : "PkTvRAjf3AeDJmTTy", "value" : "023 Diorella" }
{ "_id" : { "$oid" : "56aabaee86fa8eea8ea5912d" }, "parentId" : "PkTvRAjf3AeDJmTTy", "value" : "024 Liz" }
{ "_id" : { "$oid" : "56aabaee86fa8eea8ea5912e" }, "parentId" : "PkTvRAjf3AeDJmTTy", "value" : "025 Diorissimo" }
{ "_id" : { "$oid" : "56aabaee86fa8eea8ea5912f" }, "parentId" : "PkTvRAjf3AeDJmTTy", "value" : "025 Magnetic" }
{ "_id" : { "$oid" : "56aabaee86fa8eea8ea59130" }, "parentId" : "PkTvRAjf3AeDJmTTy", "value" : "026 Techno" }
{ "_id" : { "$oid" : "56aabaee86fa8eea8ea59131" }, "parentId" : "PkTvRAjf3AeDJmTTy", "value" : "028 Mazette" }
{ "_id" : { "$oid" : "56aabaee86fa8eea8ea59132" }, "parentId" : "PkTvRAjf3AeDJmTTy", "value" : "030 MEDIUM BEIGE" }
{ "_id" : { "$oid" : "56aabaee86fa8eea8ea59133" }, "parentId" : "PkTvRAjf3AeDJmTTy", "value" : "031 Blue Garden" }
{ "_id" : { "$oid" : "56aabaee86fa8eea8ea59134" }, "parentId" : "PkTvRAjf3AeDJmTTy", "value" : "042 PRO GREY" }
{ "_id" : { "$oid" : "56aabaee86fa8eea8ea59135" }, "parentId" : "PkTvRAjf3AeDJmTTy", "value" : "043 Caprice" }
{ "_id" : { "$oid" : "56aabaee86fa8eea8ea59136" }, "parentId" : "PkTvRAjf3AeDJmTTy", "value" : "043 Cinnamon" }
{ "_id" : { "$oid" : "56aabaee86fa8eea8ea59137" }, "parentId" : "PkTvRAjf3AeDJmTTy", "value" : "056 Bar" }
{ "_id" : { "$oid" : "56aabaee86fa8eea8ea59138" }, "parentId" : "PkTvRAjf3AeDJmTTy", "value" : "062 It Platine" }
{ "_id" : { "$oid" : "56aabaee86fa8eea8ea59139" }, "parentId" : "PkTvRAjf3AeDJmTTy", "value" : "063 Fascinante" }
{ "_id" : { "$oid" : "56aabaee86fa8eea8ea5913a" }, "parentId" : "PkTvRAjf3AeDJmTTy", "value" : "071 Radical" }
{ "_id" : { "$oid" : "56aabaee86fa8eea8ea5913b" }, "parentId" : "PkTvRAjf3AeDJmTTy", "value" : "072 Pro Taupe" }
{ "_id" : { "$oid" : "56aabaee86fa8eea8ea5913c" }, "parentId" : "PkTvRAjf3AeDJmTTy", "value" : "075 新星" }
{ "_id" : { "$oid" : "56aabaee86fa8eea8ea5913d" }, "parentId" : "PkTvRAjf3AeDJmTTy", "value" : "079 Smoky Grey" }
{ "_id" : { "$oid" : "56aabaee86fa8eea8ea5913e" }, "parentId" : "PkTvRAjf3AeDJmTTy", "value" : "081 Aventure" }
{ "_id" : { "$oid" : "56aabaee86fa8eea8ea5913f" }, "parentId" : "PkTvRAjf3AeDJmTTy", "value" : "081 Runway" }
{ "_id" : { "$oid" : "56aabaee86fa8eea8ea59140" }, "parentId" : "PkTvRAjf3AeDJmTTy", "value" : "082 Pro Anthracite" }
{ "_id" : { "$oid" : "56aabaee86fa8eea8ea59141" }, "parentId" : "PkTvRAjf3AeDJmTTy", "value" : "090 Black" }
{ "_id" : { "$oid" : "56aabaee86fa8eea8ea59142" }, "parentId" : "PkTvRAjf3AeDJmTTy", "value" : "090 New Look Black" }
{ "_id" : { "$oid" : "56aabaee86fa8eea8ea59143" }, "parentId" : "PkTvRAjf3AeDJmTTy", "value" : "090 Over Black" }
{ "_id" : { "$oid" : "56aabaee86fa8eea8ea59144" }, "parentId" : "PkTvRAjf3AeDJmTTy", "value" : "091 Nocturne" }
{ "_id" : { "$oid" : "56aabaee86fa8eea8ea59145" }, "parentId" : "PkTvRAjf3AeDJmTTy", "value" : "092 It-Black" }
{ "_id" : { "$oid" : "56aabaee86fa8eea8ea59146" }, "parentId" : "PkTvRAjf3AeDJmTTy", "value" : "092 PRO BLACK" }
{ "_id" : { "$oid" : "56aabaee86fa8eea8ea59147" }, "parentId" : "PkTvRAjf3AeDJmTTy", "value" : "093 Noir" }
{ "_id" : { "$oid" : "56aabaee86fa8eea8ea59148" }, "parentId" : "PkTvRAjf3AeDJmTTy", "value" : "094 Trinidad Black" }
{ "_id" : { "$oid" : "56aabaee86fa8eea8ea59149" }, "parentId" : "PkTvRAjf3AeDJmTTy", "value" : "095 Catwalk Black" }
{ "_id" : { "$oid" : "56aabaee86fa8eea8ea5914a" }, "parentId" : "PkTvRAjf3AeDJmTTy", "value" : "096 Pied-De-Poule" }
{ "_id" : { "$oid" : "56aabaee86fa8eea8ea5914b" }, "parentId" : "PkTvRAjf3AeDJmTTy", "value" : "098 Black" }
{ "_id" : { "$oid" : "56aabaee86fa8eea8ea5914c" }, "parentId" : "PkTvRAjf3AeDJmTTy", "value" : "099 It-Black" }
{ "_id" : { "$oid" : "56aabaee86fa8eea8ea5914d" }, "parentId" : "PkTvRAjf3AeDJmTTy", "value" : "099 Smoky Black" }
{ "_id" : { "$oid" : "56aabaee86fa8eea8ea5914e" }, "parentId" : "PkTvRAjf3AeDJmTTy", "value" : "100 Ivory" }
{ "_id" : { "$oid" : "56aabaee86fa8eea8ea5914f" }, "parentId" : "PkTvRAjf3AeDJmTTy", "value" : "100" }
{ "_id" : { "$oid" : "56aabaee86fa8eea8ea59150" }, "parentId" : "PkTvRAjf3AeDJmTTy", "value" : "102" }
{ "_id" : { "$oid" : "56aabaee86fa8eea8ea59151" }, "parentId" : "PkTvRAjf3AeDJmTTy", "value" : "108 Muguet" }
{ "_id" : { "$oid" : "56aabaee86fa8eea8ea59152" }, "parentId" : "PkTvRAjf3AeDJmTTy", "value" : "123 Trompe l'œil" }
{ "_id" : { "$oid" : "56aabaee86fa8eea8ea59153" }, "parentId" : "PkTvRAjf3AeDJmTTy", "value" : "128 Star" }
{ "_id" : { "$oid" : "56aabaee86fa8eea8ea59154" }, "parentId" : "PkTvRAjf3AeDJmTTy", "value" : "129 Femme Fleur" }
{ "_id" : { "$oid" : "56aabaee86fa8eea8ea59155" }, "parentId" : "PkTvRAjf3AeDJmTTy", "value" : "155 Tra-la-la" }
{ "_id" : { "$oid" : "56aabaee86fa8eea8ea59156" }, "parentId" : "PkTvRAjf3AeDJmTTy", "value" : "156 Femme-Fleur" }
{ "_id" : { "$oid" : "56aabaee86fa8eea8ea59157" }, "parentId" : "PkTvRAjf3AeDJmTTy", "value" : "166 Victoire" }
{ "_id" : { "$oid" : "56aabaee86fa8eea8ea59158" }, "parentId" : "PkTvRAjf3AeDJmTTy", "value" : "168 PRO PURPLE" }
{ "_id" : { "$oid" : "56aabaee86fa8eea8ea59159" }, "parentId" : "PkTvRAjf3AeDJmTTy", "value" : "173 Evening" }
{ "_id" : { "$oid" : "56aabaee86fa8eea8ea5915a" }, "parentId" : "PkTvRAjf3AeDJmTTy", "value" : "182 PRO PURPLE" }
{ "_id" : { "$oid" : "56aabaee86fa8eea8ea5915b" }, "parentId" : "PkTvRAjf3AeDJmTTy", "value" : "200 Light Beige" }
{ "_id" : { "$oid" : "56aabaee86fa8eea8ea5915c" }, "parentId" : "PkTvRAjf3AeDJmTTy", "value" : "200" }
{ "_id" : { "$oid" : "56aabaee86fa8eea8ea5915d" }, "parentId" : "PkTvRAjf3AeDJmTTy", "value" : "201 Linen" }
{ "_id" : { "$oid" : "56aabaee86fa8eea8ea5915e" }, "parentId" : "PkTvRAjf3AeDJmTTy", "value" : "202 Cameo" }
{ "_id" : { "$oid" : "56aabaee86fa8eea8ea5915f" }, "parentId" : "PkTvRAjf3AeDJmTTy", "value" : "203" }
{ "_id" : { "$oid" : "56aabaee86fa8eea8ea59160" }, "parentId" : "PkTvRAjf3AeDJmTTy", "value" : "208 NAVY DESIGN" }
{ "_id" : { "$oid" : "56aabaee86fa8eea8ea59161" }, "parentId" : "PkTvRAjf3AeDJmTTy", "value" : "219 Whisper Beige" }
{ "_id" : { "$oid" : "56aabaee86fa8eea8ea59162" }, "parentId" : "PkTvRAjf3AeDJmTTy", "value" : "223 Angélique" }
{ "_id" : { "$oid" : "56aabaee86fa8eea8ea59163" }, "parentId" : "PkTvRAjf3AeDJmTTy", "value" : "223 Beige lumière" }
{ "_id" : { "$oid" : "56aabaee86fa8eea8ea59164" }, "parentId" : "PkTvRAjf3AeDJmTTy", "value" : "226 Mauve Princess" }
{ "_id" : { "$oid" : "56aabaee86fa8eea8ea59165" }, "parentId" : "PkTvRAjf3AeDJmTTy", "value" : "228 Indiscrète" }
{ "_id" : { "$oid" : "56aabaee86fa8eea8ea59166" }, "parentId" : "PkTvRAjf3AeDJmTTy", "value" : "229 Beige Passion" }
{ "_id" : { "$oid" : "56aabaee86fa8eea8ea59167" }, "parentId" : "PkTvRAjf3AeDJmTTy", "value" : "237 Milly" }
{ "_id" : { "$oid" : "56aabaee86fa8eea8ea59168" }, "parentId" : "PkTvRAjf3AeDJmTTy", "value" : "239 Frisson" }
{ "_id" : { "$oid" : "56aabaee86fa8eea8ea59169" }, "parentId" : "PkTvRAjf3AeDJmTTy", "value" : "240 Air" }
{ "_id" : { "$oid" : "56aabaee86fa8eea8ea5916a" }, "parentId" : "PkTvRAjf3AeDJmTTy", "value" : "254 Captivating Blue" }
{ "_id" : { "$oid" : "56aabaee86fa8eea8ea5916b" }, "parentId" : "PkTvRAjf3AeDJmTTy", "value" : "254 Rose Diadème" }
{ "_id" : { "$oid" : "56aabaee86fa8eea8ea5916c" }, "parentId" : "PkTvRAjf3AeDJmTTy", "value" : "257 Incognito" }
{ "_id" : { "$oid" : "56aabaee86fa8eea8ea5916d" }, "parentId" : "PkTvRAjf3AeDJmTTy", "value" : "257 Vénus" }
{ "_id" : { "$oid" : "56aabaee86fa8eea8ea5916e" }, "parentId" : "PkTvRAjf3AeDJmTTy", "value" : "258 Kew Gardens" }
{ "_id" : { "$oid" : "56aabaee86fa8eea8ea5916f" }, "parentId" : "PkTvRAjf3AeDJmTTy", "value" : "258 PRO BLUE" }
{ "_id" : { "$oid" : "56aabaee86fa8eea8ea59170" }, "parentId" : "PkTvRAjf3AeDJmTTy", "value" : "258" }
{ "_id" : { "$oid" : "56aabaee86fa8eea8ea59171" }, "parentId" : "PkTvRAjf3AeDJmTTy", "value" : "260 Bright" }
{ "_id" : { "$oid" : "56aabaee86fa8eea8ea59172" }, "parentId" : "PkTvRAjf3AeDJmTTy", "value" : "263 Nude Rose" }
{ "_id" : { "$oid" : "56aabaee86fa8eea8ea59173" }, "parentId" : "PkTvRAjf3AeDJmTTy", "value" : "264 New Look Blue" }
{ "_id" : { "$oid" : "56aabaee86fa8eea8ea59174" }, "parentId" : "PkTvRAjf3AeDJmTTy", "value" : "264 Over Blue" }
{ "_id" : { "$oid" : "56aabaee86fa8eea8ea59175" }, "parentId" : "PkTvRAjf3AeDJmTTy", "value" : "266 Delight" }
{ "_id" : { "$oid" : "56aabaee86fa8eea8ea59176" }, "parentId" : "PkTvRAjf3AeDJmTTy", "value" : "267 Nuit de Juin" }
{ "_id" : { "$oid" : "56aabaee86fa8eea8ea59177" }, "parentId" : "PkTvRAjf3AeDJmTTy", "value" : "268 Navy" }
{ "_id" : { "$oid" : "56aabaee86fa8eea8ea59178" }, "parentId" : "PkTvRAjf3AeDJmTTy", "value" : "268 Ruban" }
{ "_id" : { "$oid" : "56aabaee86fa8eea8ea59179" }, "parentId" : "PkTvRAjf3AeDJmTTy", "value" : "268" }
{ "_id" : { "$oid" : "56aabaee86fa8eea8ea5917a" }, "parentId" : "PkTvRAjf3AeDJmTTy", "value" : "272 PRO BLUE" }
{ "_id" : { "$oid" : "56aabaee86fa8eea8ea5917b" }, "parentId" : "PkTvRAjf3AeDJmTTy", "value" : "275 Cosmic" }
{ "_id" : { "$oid" : "56aabaee86fa8eea8ea5917c" }, "parentId" : "PkTvRAjf3AeDJmTTy", "value" : "276 Carré Bleu" }
{ "_id" : { "$oid" : "56aabaee86fa8eea8ea5917d" }, "parentId" : "PkTvRAjf3AeDJmTTy", "value" : "277 Declamation Pink" }
{ "_id" : { "$oid" : "56aabaee86fa8eea8ea5917e" }, "parentId" : "PkTvRAjf3AeDJmTTy", "value" : "28028" }
{ "_id" : { "$oid" : "56aabaee86fa8eea8ea5917f" }, "parentId" : "PkTvRAjf3AeDJmTTy", "value" : "281 Cosmos" }
{ "_id" : { "$oid" : "56aabaee86fa8eea8ea59180" }, "parentId" : "PkTvRAjf3AeDJmTTy", "value" : "282 Pro Navy" }
{ "_id" : { "$oid" : "56aabaee86fa8eea8ea59181" }, "parentId" : "PkTvRAjf3AeDJmTTy", "value" : "288 Bleuette" }
{ "_id" : { "$oid" : "56aabaee86fa8eea8ea59182" }, "parentId" : "PkTvRAjf3AeDJmTTy", "value" : "289 Smoky Blue" }
{ "_id" : { "$oid" : "56aabaee86fa8eea8ea59183" }, "parentId" : "PkTvRAjf3AeDJmTTy", "value" : "289 Versatile" }
{ "_id" : { "$oid" : "56aabaee86fa8eea8ea59184" }, "parentId" : "PkTvRAjf3AeDJmTTy", "value" : "296 Show" }
{ "_id" : { "$oid" : "56aabaee86fa8eea8ea59185" }, "parentId" : "PkTvRAjf3AeDJmTTy", "value" : "298 Navy Blue" }
{ "_id" : { "$oid" : "56aabaee86fa8eea8ea59186" }, "parentId" : "PkTvRAjf3AeDJmTTy", "value" : "300 Medium Beige" }
{ "_id" : { "$oid" : "56aabaee86fa8eea8ea59187" }, "parentId" : "PkTvRAjf3AeDJmTTy", "value" : "300" }
{ "_id" : { "$oid" : "56aabaee86fa8eea8ea59188" }, "parentId" : "PkTvRAjf3AeDJmTTy", "value" : "301 Bleuette" }
{ "_id" : { "$oid" : "56aabaee86fa8eea8ea59189" }, "parentId" : "PkTvRAjf3AeDJmTTy", "value" : "301 Blond" }
{ "_id" : { "$oid" : "56aabaee86fa8eea8ea5918a" }, "parentId" : "PkTvRAjf3AeDJmTTy", "value" : "302 Garden" }
{ "_id" : { "$oid" : "56aabaee86fa8eea8ea5918b" }, "parentId" : "PkTvRAjf3AeDJmTTy", "value" : "302 Rosy Beige" }
{ "_id" : { "$oid" : "56aabaee86fa8eea8ea5918c" }, "parentId" : "PkTvRAjf3AeDJmTTy", "value" : "302" }
{ "_id" : { "$oid" : "56aabaee86fa8eea8ea5918d" }, "parentId" : "PkTvRAjf3AeDJmTTy", "value" : "306 Trianon" }
{ "_id" : { "$oid" : "56aabaee86fa8eea8ea5918e" }, "parentId" : "PkTvRAjf3AeDJmTTy", "value" : "308 KHAKI DESIGN" }
{ "_id" : { "$oid" : "56aabaee86fa8eea8ea5918f" }, "parentId" : "PkTvRAjf3AeDJmTTy", "value" : "316 Incognito" }
{ "_id" : { "$oid" : "56aabaee86fa8eea8ea59190" }, "parentId" : "PkTvRAjf3AeDJmTTy", "value" : "319 Trench" }
{ "_id" : { "$oid" : "56aabaee86fa8eea8ea59191" }, "parentId" : "PkTvRAjf3AeDJmTTy", "value" : "332 Rosée" }
{ "_id" : { "$oid" : "56aabaee86fa8eea8ea59192" }, "parentId" : "PkTvRAjf3AeDJmTTy", "value" : "333 Bal d'été" }
{ "_id" : { "$oid" : "56aabaee86fa8eea8ea59193" }, "parentId" : "PkTvRAjf3AeDJmTTy", "value" : "342 Abricotine" }
{ "_id" : { "$oid" : "56aabaee86fa8eea8ea59194" }, "parentId" : "PkTvRAjf3AeDJmTTy", "value" : "343 Spring Ball" }
{ "_id" : { "$oid" : "56aabaee86fa8eea8ea59195" }, "parentId" : "PkTvRAjf3AeDJmTTy", "value" : "352 Rose d'Avril" }
{ "_id" : { "$oid" : "56aabaee86fa8eea8ea59196" }, "parentId" : "PkTvRAjf3AeDJmTTy", "value" : "361 Pink Baiser" }
{ "_id" : { "$oid" : "56aabaee86fa8eea8ea59197" }, "parentId" : "PkTvRAjf3AeDJmTTy", "value" : "362 Rose Eclat" }
{ "_id" : { "$oid" : "56aabaee86fa8eea8ea59198" }, "parentId" : "PkTvRAjf3AeDJmTTy", "value" : "363 Dormeuse" }
{ "_id" : { "$oid" : "56aabaee86fa8eea8ea59199" }, "parentId" : "PkTvRAjf3AeDJmTTy", "value" : "365 Pink Songe" }
{ "_id" : { "$oid" : "56aabaee86fa8eea8ea5919a" }, "parentId" : "PkTvRAjf3AeDJmTTy", "value" : "373 Rieuse" }
{ "_id" : { "$oid" : "56aabaee86fa8eea8ea5919b" }, "parentId" : "PkTvRAjf3AeDJmTTy", "value" : "379 Tropiques" }
{ "_id" : { "$oid" : "56aabaee86fa8eea8ea5919c" }, "parentId" : "PkTvRAjf3AeDJmTTy", "value" : "381 Millenium" }
{ "_id" : { "$oid" : "56aabaee86fa8eea8ea5919d" }, "parentId" : "PkTvRAjf3AeDJmTTy", "value" : "389 Kiss Me" }
{ "_id" : { "$oid" : "56aabaee86fa8eea8ea5919e" }, "parentId" : "PkTvRAjf3AeDJmTTy", "value" : "400 Honey Beige" }
{ "_id" : { "$oid" : "56aabaee86fa8eea8ea5919f" }, "parentId" : "PkTvRAjf3AeDJmTTy", "value" : "400" }
{ "_id" : { "$oid" : "56aabaee86fa8eea8ea591a0" }, "parentId" : "PkTvRAjf3AeDJmTTy", "value" : "402" }
{ "_id" : { "$oid" : "56aabaee86fa8eea8ea591a1" }, "parentId" : "PkTvRAjf3AeDJmTTy", "value" : "403 Palais Royal" }
{ "_id" : { "$oid" : "56aabaee86fa8eea8ea591a2" }, "parentId" : "PkTvRAjf3AeDJmTTy", "value" : "413 Eclipse" }
{ "_id" : { "$oid" : "56aabaee86fa8eea8ea591a3" }, "parentId" : "PkTvRAjf3AeDJmTTy", "value" : "413 Grège" }
{ "_id" : { "$oid" : "56aabaee86fa8eea8ea591a4" }, "parentId" : "PkTvRAjf3AeDJmTTy", "value" : "417 Souffle Nude" }
{ "_id" : { "$oid" : "56aabaee86fa8eea8ea591a5" }, "parentId" : "PkTvRAjf3AeDJmTTy", "value" : "421 Starlight" }
{ "_id" : { "$oid" : "56aabaee86fa8eea8ea591a6" }, "parentId" : "PkTvRAjf3AeDJmTTy", "value" : "428 Sienna" }
{ "_id" : { "$oid" : "56aabaee86fa8eea8ea591a7" }, "parentId" : "PkTvRAjf3AeDJmTTy", "value" : "433 Blond Cendré" }
{ "_id" : { "$oid" : "56aabaee86fa8eea8ea591a8" }, "parentId" : "PkTvRAjf3AeDJmTTy", "value" : "433 Délice" }
{ "_id" : { "$oid" : "56aabaee86fa8eea8ea591a9" }, "parentId" : "PkTvRAjf3AeDJmTTy", "value" : "434 Samarcande Brown" }
{ "_id" : { "$oid" : "56aabaee86fa8eea8ea591aa" }, "parentId" : "PkTvRAjf3AeDJmTTy", "value" : "441 Frimousse" }
{ "_id" : { "$oid" : "56aabaee86fa8eea8ea591ab" }, "parentId" : "PkTvRAjf3AeDJmTTy", "value" : "442 Blooming Peach" }
{ "_id" : { "$oid" : "56aabaee86fa8eea8ea591ac" }, "parentId" : "PkTvRAjf3AeDJmTTy", "value" : "449 Ciel Rose" }
{ "_id" : { "$oid" : "56aabaee86fa8eea8ea591ad" }, "parentId" : "PkTvRAjf3AeDJmTTy", "value" : "451 Rose Garden" }
{ "_id" : { "$oid" : "56aabaee86fa8eea8ea591ae" }, "parentId" : "PkTvRAjf3AeDJmTTy", "value" : "451 Tribale" }
{ "_id" : { "$oid" : "56aabaee86fa8eea8ea591af" }, "parentId" : "PkTvRAjf3AeDJmTTy", "value" : "452 Ailée" }
{ "_id" : { "$oid" : "56aabaee86fa8eea8ea591b0" }, "parentId" : "PkTvRAjf3AeDJmTTy", "value" : "453 Châtain" }
{ "_id" : { "$oid" : "56aabaee86fa8eea8ea591b1" }, "parentId" : "PkTvRAjf3AeDJmTTy", "value" : "453 Dolly pink" }
{ "_id" : { "$oid" : "56aabaee86fa8eea8ea591b2" }, "parentId" : "PkTvRAjf3AeDJmTTy", "value" : "455 Métamorphose" }
{ "_id" : { "$oid" : "56aabaee86fa8eea8ea591b3" }, "parentId" : "PkTvRAjf3AeDJmTTy", "value" : "456 Jardin" }
{ "_id" : { "$oid" : "56aabaee86fa8eea8ea591b4" }, "parentId" : "PkTvRAjf3AeDJmTTy", "value" : "458 Fine Fleur" }
{ "_id" : { "$oid" : "56aabaee86fa8eea8ea591b5" }, "parentId" : "PkTvRAjf3AeDJmTTy", "value" : "459 Charnelle" }
{ "_id" : { "$oid" : "56aabaee86fa8eea8ea591b6" }, "parentId" : "PkTvRAjf3AeDJmTTy", "value" : "463 Bois de Rose" }
{ "_id" : { "$oid" : "56aabaee86fa8eea8ea591b7" }, "parentId" : "PkTvRAjf3AeDJmTTy", "value" : "468 Bonheur" }
{ "_id" : { "$oid" : "56aabaee86fa8eea8ea591b8" }, "parentId" : "PkTvRAjf3AeDJmTTy", "value" : "468 Rose Bonheur" }
{ "_id" : { "$oid" : "56aabaee86fa8eea8ea591b9" }, "parentId" : "PkTvRAjf3AeDJmTTy", "value" : "472 PRO KHAKI" }
{ "_id" : { "$oid" : "56aabaee86fa8eea8ea591ba" }, "parentId" : "PkTvRAjf3AeDJmTTy", "value" : "475 Pink Caprice" }
{ "_id" : { "$oid" : "56aabaee86fa8eea8ea591bb" }, "parentId" : "PkTvRAjf3AeDJmTTy", "value" : "476 Neo-Romantic" }
{ "_id" : { "$oid" : "56aabaee86fa8eea8ea591bc" }, "parentId" : "PkTvRAjf3AeDJmTTy", "value" : "479 Magique" }
{ "_id" : { "$oid" : "56aabaee86fa8eea8ea591bd" }, "parentId" : "PkTvRAjf3AeDJmTTy", "value" : "480 Nature" }
{ "_id" : { "$oid" : "56aabaee86fa8eea8ea591be" }, "parentId" : "PkTvRAjf3AeDJmTTy", "value" : "488 Primerose" }
{ "_id" : { "$oid" : "56aabaee86fa8eea8ea591bf" }, "parentId" : "PkTvRAjf3AeDJmTTy", "value" : "491 Lilac" }
{ "_id" : { "$oid" : "56aabaee86fa8eea8ea591c0" }, "parentId" : "PkTvRAjf3AeDJmTTy", "value" : "494 Junon" }
{ "_id" : { "$oid" : "56aabaee86fa8eea8ea591c1" }, "parentId" : "PkTvRAjf3AeDJmTTy", "value" : "499 Avant garde" }
{ "_id" : { "$oid" : "56aabaee86fa8eea8ea591c2" }, "parentId" : "PkTvRAjf3AeDJmTTy", "value" : "499 Rose" }
{ "_id" : { "$oid" : "56aabaee86fa8eea8ea591c3" }, "parentId" : "PkTvRAjf3AeDJmTTy", "value" : "500 Dark Beige" }
{ "_id" : { "$oid" : "56aabaee86fa8eea8ea591c4" }, "parentId" : "PkTvRAjf3AeDJmTTy", "value" : "500 Pink petal" }
{ "_id" : { "$oid" : "56aabaee86fa8eea8ea591c5" }, "parentId" : "PkTvRAjf3AeDJmTTy", "value" : "508 NUDE PINK DESIGN" }
{ "_id" : { "$oid" : "56aabaee86fa8eea8ea591c6" }, "parentId" : "PkTvRAjf3AeDJmTTy", "value" : "516 Delicate" }
{ "_id" : { "$oid" : "56aabaee86fa8eea8ea591c7" }, "parentId" : "PkTvRAjf3AeDJmTTy", "value" : "520 Rosée" }
{ "_id" : { "$oid" : "56aabaee86fa8eea8ea591c8" }, "parentId" : "PkTvRAjf3AeDJmTTy", "value" : "526 Macadam" }
{ "_id" : { "$oid" : "56aabaee86fa8eea8ea591c9" }, "parentId" : "PkTvRAjf3AeDJmTTy", "value" : "530 Gallery" }
{ "_id" : { "$oid" : "56aabaee86fa8eea8ea591ca" }, "parentId" : "PkTvRAjf3AeDJmTTy", "value" : "531 Rose Crinoline" }
{ "_id" : { "$oid" : "56aabaee86fa8eea8ea591cb" }, "parentId" : "PkTvRAjf3AeDJmTTy", "value" : "532 Jungle Brown" }
{ "_id" : { "$oid" : "56aabaee86fa8eea8ea591cc" }, "parentId" : "PkTvRAjf3AeDJmTTy", "value" : "532 Plisse Soleil" }
{ "_id" : { "$oid" : "56aabaee86fa8eea8ea591cd" }, "parentId" : "PkTvRAjf3AeDJmTTy", "value" : "533 Gold Addict" }
{ "_id" : { "$oid" : "56aabaee86fa8eea8ea591ce" }, "parentId" : "PkTvRAjf3AeDJmTTy", "value" : "535 Tailleur Bar" }
{ "_id" : { "$oid" : "56aabaee86fa8eea8ea591cf" }, "parentId" : "PkTvRAjf3AeDJmTTy", "value" : "536 Lucky" }
{ "_id" : { "$oid" : "56aabaee86fa8eea8ea591d0" }, "parentId" : "PkTvRAjf3AeDJmTTy", "value" : "537 Riviera" }
{ "_id" : { "$oid" : "56aabaee86fa8eea8ea591d1" }, "parentId" : "PkTvRAjf3AeDJmTTy", "value" : "538 Boréale" }
{ "_id" : { "$oid" : "56aabaee86fa8eea8ea591d2" }, "parentId" : "PkTvRAjf3AeDJmTTy", "value" : "539 Variation Nude" }
{ "_id" : { "$oid" : "56aabaee86fa8eea8ea591d3" }, "parentId" : "PkTvRAjf3AeDJmTTy", "value" : "539 Zemire Amber" }
{ "_id" : { "$oid" : "56aabaee86fa8eea8ea591d4" }, "parentId" : "PkTvRAjf3AeDJmTTy", "value" : "540 Passiflore" }
{ "_id" : { "$oid" : "56aabaee86fa8eea8ea591d5" }, "parentId" : "PkTvRAjf3AeDJmTTy", "value" : "541 Equinoxe" }
{ "_id" : { "$oid" : "56aabaee86fa8eea8ea591d6" }, "parentId" : "PkTvRAjf3AeDJmTTy", "value" : "543 Rendez-vous" }
{ "_id" : { "$oid" : "56aabaee86fa8eea8ea591d7" }, "parentId" : "PkTvRAjf3AeDJmTTy", "value" : "545 Phenix" }
{ "_id" : { "$oid" : "56aabaee86fa8eea8ea591d8" }, "parentId" : "PkTvRAjf3AeDJmTTy", "value" : "548 Flora" }
{ "_id" : { "$oid" : "56aabaee86fa8eea8ea591d9" }, "parentId" : "PkTvRAjf3AeDJmTTy", "value" : "551 Aventure" }
{ "_id" : { "$oid" : "56aabaee86fa8eea8ea591da" }, "parentId" : "PkTvRAjf3AeDJmTTy", "value" : "551 Ivory Glow" }
{ "_id" : { "$oid" : "56aabaee86fa8eea8ea591db" }, "parentId" : "PkTvRAjf3AeDJmTTy", "value" : "551 Zenith" }
{ "_id" : { "$oid" : "56aabaee86fa8eea8ea591dc" }, "parentId" : "PkTvRAjf3AeDJmTTy", "value" : "553 Cocktail Peach" }
{ "_id" : { "$oid" : "56aabaee86fa8eea8ea591dd" }, "parentId" : "PkTvRAjf3AeDJmTTy", "value" : "553 Princess" }
{ "_id" : { "$oid" : "56aabaee86fa8eea8ea591de" }, "parentId" : "PkTvRAjf3AeDJmTTy", "value" : "553 Sillage" }
{ "_id" : { "$oid" : "56aabaee86fa8eea8ea591df" }, "parentId" : "PkTvRAjf3AeDJmTTy", "value" : "553 Smile" }
{ "_id" : { "$oid" : "56aabaee86fa8eea8ea591e0" }, "parentId" : "PkTvRAjf3AeDJmTTy", "value" : "554 Minimalism" }
{ "_id" : { "$oid" : "56aabaee86fa8eea8ea591e1" }, "parentId" : "PkTvRAjf3AeDJmTTy", "value" : "555 Dolce Vita Pink" }
{ "_id" : { "$oid" : "56aabaee86fa8eea8ea591e2" }, "parentId" : "PkTvRAjf3AeDJmTTy", "value" : "556 Amber Show" }
{ "_id" : { "$oid" : "56aabaee86fa8eea8ea591e3" }, "parentId" : "PkTvRAjf3AeDJmTTy", "value" : "561 Wonderful" }
{ "_id" : { "$oid" : "56aabaee86fa8eea8ea591e4" }, "parentId" : "PkTvRAjf3AeDJmTTy", "value" : "562 Icy Pink" }
{ "_id" : { "$oid" : "56aabaee86fa8eea8ea591e5" }, "parentId" : "PkTvRAjf3AeDJmTTy", "value" : "563 Shocking Coral" }
{ "_id" : { "$oid" : "56aabaee86fa8eea8ea591e6" }, "parentId" : "PkTvRAjf3AeDJmTTy", "value" : "565 Fashion" }
{ "_id" : { "$oid" : "56aabaee86fa8eea8ea591e7" }, "parentId" : "PkTvRAjf3AeDJmTTy", "value" : "566 Brown Milly" }
{ "_id" : { "$oid" : "56aabaee86fa8eea8ea591e8" }, "parentId" : "PkTvRAjf3AeDJmTTy", "value" : "566 Versailles" }
{ "_id" : { "$oid" : "56aabaee86fa8eea8ea591e9" }, "parentId" : "PkTvRAjf3AeDJmTTy", "value" : "567 Rose Bal" }
{ "_id" : { "$oid" : "56aabaee86fa8eea8ea591ea" }, "parentId" : "PkTvRAjf3AeDJmTTy", "value" : "568 Rose Rose" }
{ "_id" : { "$oid" : "56aabaee86fa8eea8ea591eb" }, "parentId" : "PkTvRAjf3AeDJmTTy", "value" : "573 Airy Mauve" }
{ "_id" : { "$oid" : "56aabaee86fa8eea8ea591ec" }, "parentId" : "PkTvRAjf3AeDJmTTy", "value" : "573 Mineral" }
{ "_id" : { "$oid" : "56aabaee86fa8eea8ea591ed" }, "parentId" : "PkTvRAjf3AeDJmTTy", "value" : "576 Princess" }
{ "_id" : { "$oid" : "56aabaee86fa8eea8ea591ee" }, "parentId" : "PkTvRAjf3AeDJmTTy", "value" : "578 Diorkiss" }
{ "_id" : { "$oid" : "56aabaee86fa8eea8ea591ef" }, "parentId" : "PkTvRAjf3AeDJmTTy", "value" : "579 Must-Have" }
{ "_id" : { "$oid" : "56aabaee86fa8eea8ea591f0" }, "parentId" : "PkTvRAjf3AeDJmTTy", "value" : "581 Dazzling Sun" }
{ "_id" : { "$oid" : "56aabaee86fa8eea8ea591f1" }, "parentId" : "PkTvRAjf3AeDJmTTy", "value" : "582 PRO BROWN" }
{ "_id" : { "$oid" : "56aabaee86fa8eea8ea591f2" }, "parentId" : "PkTvRAjf3AeDJmTTy", "value" : "583 Animal" }
{ "_id" : { "$oid" : "56aabaee86fa8eea8ea591f3" }, "parentId" : "PkTvRAjf3AeDJmTTy", "value" : "583 Papillon" }
{ "_id" : { "$oid" : "56aabaee86fa8eea8ea591f4" }, "parentId" : "PkTvRAjf3AeDJmTTy", "value" : "584 Dynasty" }
{ "_id" : { "$oid" : "56aabaee86fa8eea8ea591f5" }, "parentId" : "PkTvRAjf3AeDJmTTy", "value" : "586 Orange Riviera" }
{ "_id" : { "$oid" : "56aabaee86fa8eea8ea591f6" }, "parentId" : "PkTvRAjf3AeDJmTTy", "value" : "593 Brown Fig" }
{ "_id" : { "$oid" : "56aabaee86fa8eea8ea591f7" }, "parentId" : "PkTvRAjf3AeDJmTTy", "value" : "593 Brun" }
{ "_id" : { "$oid" : "56aabaee86fa8eea8ea591f8" }, "parentId" : "PkTvRAjf3AeDJmTTy", "value" : "594 Intense Brown" }
{ "_id" : { "$oid" : "56aabaee86fa8eea8ea591f9" }, "parentId" : "PkTvRAjf3AeDJmTTy", "value" : "599 Pink" }
{ "_id" : { "$oid" : "56aabaee86fa8eea8ea591fa" }, "parentId" : "PkTvRAjf3AeDJmTTy", "value" : "600" }
{ "_id" : { "$oid" : "56aabaee86fa8eea8ea591fb" }, "parentId" : "PkTvRAjf3AeDJmTTy", "value" : "612 City Lights" }
{ "_id" : { "$oid" : "56aabaee86fa8eea8ea591fc" }, "parentId" : "PkTvRAjf3AeDJmTTy", "value" : "616 Pulse" }
{ "_id" : { "$oid" : "56aabaee86fa8eea8ea591fd" }, "parentId" : "PkTvRAjf3AeDJmTTy", "value" : "618 Vibrato" }
{ "_id" : { "$oid" : "56aabaee86fa8eea8ea591fe" }, "parentId" : "PkTvRAjf3AeDJmTTy", "value" : "619 Beige Lie" }
{ "_id" : { "$oid" : "56aabaee86fa8eea8ea591ff" }, "parentId" : "PkTvRAjf3AeDJmTTy", "value" : "621 Mirror" }
{ "_id" : { "$oid" : "56aabaee86fa8eea8ea59200" }, "parentId" : "PkTvRAjf3AeDJmTTy", "value" : "622 Confident" }
{ "_id" : { "$oid" : "56aabaee86fa8eea8ea59201" }, "parentId" : "PkTvRAjf3AeDJmTTy", "value" : "623 Feeling" }
{ "_id" : { "$oid" : "56aabaee86fa8eea8ea59202" }, "parentId" : "PkTvRAjf3AeDJmTTy", "value" : "623 Not Shy" }
{ "_id" : { "$oid" : "56aabaee86fa8eea8ea59203" }, "parentId" : "PkTvRAjf3AeDJmTTy", "value" : "632 Sunny Coral" }
{ "_id" : { "$oid" : "56aabaee86fa8eea8ea59204" }, "parentId" : "PkTvRAjf3AeDJmTTy", "value" : "639 Artifice" }
{ "_id" : { "$oid" : "56aabaee86fa8eea8ea59205" }, "parentId" : "PkTvRAjf3AeDJmTTy", "value" : "639 Beige Jacket" }
{ "_id" : { "$oid" : "56aabaee86fa8eea8ea59206" }, "parentId" : "PkTvRAjf3AeDJmTTy", "value" : "639 Riviera" }
{ "_id" : { "$oid" : "56aabaee86fa8eea8ea59207" }, "parentId" : "PkTvRAjf3AeDJmTTy", "value" : "640 Milly" }
{ "_id" : { "$oid" : "56aabaee86fa8eea8ea59208" }, "parentId" : "PkTvRAjf3AeDJmTTy", "value" : "641 Fantaisie" }
{ "_id" : { "$oid" : "56aabaee86fa8eea8ea59209" }, "parentId" : "PkTvRAjf3AeDJmTTy", "value" : "644 Rouge Blossom" }
{ "_id" : { "$oid" : "56aabaee86fa8eea8ea5920a" }, "parentId" : "PkTvRAjf3AeDJmTTy", "value" : "646 30 Montaigne" }
{ "_id" : { "$oid" : "56aabaee86fa8eea8ea5920b" }, "parentId" : "PkTvRAjf3AeDJmTTy", "value" : "650 Pivoine" }
{ "_id" : { "$oid" : "56aabaee86fa8eea8ea5920c" }, "parentId" : "PkTvRAjf3AeDJmTTy", "value" : "651 Nude Glow" }
{ "_id" : { "$oid" : "56aabaee86fa8eea8ea5920d" }, "parentId" : "PkTvRAjf3AeDJmTTy", "value" : "653 Blond" }
{ "_id" : { "$oid" : "56aabaee86fa8eea8ea5920e" }, "parentId" : "PkTvRAjf3AeDJmTTy", "value" : "653 Rose surprise" }
{ "_id" : { "$oid" : "56aabaee86fa8eea8ea5920f" }, "parentId" : "PkTvRAjf3AeDJmTTy", "value" : "655 Mutine" }
{ "_id" : { "$oid" : "56aabaee86fa8eea8ea59210" }, "parentId" : "PkTvRAjf3AeDJmTTy", "value" : "655 Univers" }
{ "_id" : { "$oid" : "56aabaee86fa8eea8ea59211" }, "parentId" : "PkTvRAjf3AeDJmTTy", "value" : "656 Coral Croisette" }
{ "_id" : { "$oid" : "56aabaee86fa8eea8ea59212" }, "parentId" : "PkTvRAjf3AeDJmTTy", "value" : "656 Pastel Choc" }
{ "_id" : { "$oid" : "56aabaee86fa8eea8ea59213" }, "parentId" : "PkTvRAjf3AeDJmTTy", "value" : "658 Cosmopolite" }
{ "_id" : { "$oid" : "56aabaee86fa8eea8ea59214" }, "parentId" : "PkTvRAjf3AeDJmTTy", "value" : "659 Lucky" }
{ "_id" : { "$oid" : "56aabaee86fa8eea8ea59215" }, "parentId" : "PkTvRAjf3AeDJmTTy", "value" : "660 Coquette" }
{ "_id" : { "$oid" : "56aabaee86fa8eea8ea59216" }, "parentId" : "PkTvRAjf3AeDJmTTy", "value" : "661 Bonheur" }
{ "_id" : { "$oid" : "56aabaee86fa8eea8ea59217" }, "parentId" : "PkTvRAjf3AeDJmTTy", "value" : "661 Météore" }
{ "_id" : { "$oid" : "56aabaee86fa8eea8ea59218" }, "parentId" : "PkTvRAjf3AeDJmTTy", "value" : "662 Rose en diable" }
{ "_id" : { "$oid" : "56aabaee86fa8eea8ea59219" }, "parentId" : "PkTvRAjf3AeDJmTTy", "value" : "663 Elite Pink" }
{ "_id" : { "$oid" : "56aabaee86fa8eea8ea5921a" }, "parentId" : "PkTvRAjf3AeDJmTTy", "value" : "663 Guipure" }
{ "_id" : { "$oid" : "56aabaee86fa8eea8ea5921b" }, "parentId" : "PkTvRAjf3AeDJmTTy", "value" : "667 Avenue" }
{ "_id" : { "$oid" : "56aabaee86fa8eea8ea5921c" }, "parentId" : "PkTvRAjf3AeDJmTTy", "value" : "667 Rouge Pimpant" }
{ "_id" : { "$oid" : "56aabaee86fa8eea8ea5921d" }, "parentId" : "PkTvRAjf3AeDJmTTy", "value" : "668 Brise Bise" }
{ "_id" : { "$oid" : "56aabaee86fa8eea8ea5921e" }, "parentId" : "PkTvRAjf3AeDJmTTy", "value" : "671 Deauville" }
{ "_id" : { "$oid" : "56aabaee86fa8eea8ea5921f" }, "parentId" : "PkTvRAjf3AeDJmTTy", "value" : "676 Candy Choc" }
{ "_id" : { "$oid" : "56aabaee86fa8eea8ea59220" }, "parentId" : "PkTvRAjf3AeDJmTTy", "value" : "676 Coral Cruise" }
{ "_id" : { "$oid" : "56aabaee86fa8eea8ea59221" }, "parentId" : "PkTvRAjf3AeDJmTTy", "value" : "680 After Party" }
{ "_id" : { "$oid" : "56aabaee86fa8eea8ea59222" }, "parentId" : "PkTvRAjf3AeDJmTTy", "value" : "682 Instinctive" }
{ "_id" : { "$oid" : "56aabaee86fa8eea8ea59223" }, "parentId" : "PkTvRAjf3AeDJmTTy", "value" : "683 Esquisse" }
{ "_id" : { "$oid" : "56aabaee86fa8eea8ea59224" }, "parentId" : "PkTvRAjf3AeDJmTTy", "value" : "685 Oversize" }
{ "_id" : { "$oid" : "56aabaee86fa8eea8ea59225" }, "parentId" : "PkTvRAjf3AeDJmTTy", "value" : "686 Fancy purple" }
{ "_id" : { "$oid" : "56aabaee86fa8eea8ea59226" }, "parentId" : "PkTvRAjf3AeDJmTTy", "value" : "688 Hollywood" }
{ "_id" : { "$oid" : "56aabaee86fa8eea8ea59227" }, "parentId" : "PkTvRAjf3AeDJmTTy", "value" : "688" }
{ "_id" : { "$oid" : "56aabaee86fa8eea8ea59228" }, "parentId" : "PkTvRAjf3AeDJmTTy", "value" : "693 Brun Foncé" }
{ "_id" : { "$oid" : "56aabaee86fa8eea8ea59229" }, "parentId" : "PkTvRAjf3AeDJmTTy", "value" : "694 New Look Brown" }
{ "_id" : { "$oid" : "56aabaee86fa8eea8ea5922a" }, "parentId" : "PkTvRAjf3AeDJmTTy", "value" : "694 Over Brown" }
{ "_id" : { "$oid" : "56aabaee86fa8eea8ea5922b" }, "parentId" : "PkTvRAjf3AeDJmTTy", "value" : "698 Chestnut" }
{ "_id" : { "$oid" : "56aabaee86fa8eea8ea5922c" }, "parentId" : "PkTvRAjf3AeDJmTTy", "value" : "708 AMBER DESIGN" }
{ "_id" : { "$oid" : "56aabaee86fa8eea8ea5922d" }, "parentId" : "PkTvRAjf3AeDJmTTy", "value" : "718 TAUPE DESIGN" }
{ "_id" : { "$oid" : "56aabaee86fa8eea8ea5922e" }, "parentId" : "PkTvRAjf3AeDJmTTy", "value" : "721 Songe" }
{ "_id" : { "$oid" : "56aabaee86fa8eea8ea5922f" }, "parentId" : "PkTvRAjf3AeDJmTTy", "value" : "722 True" }
{ "_id" : { "$oid" : "56aabaee86fa8eea8ea59230" }, "parentId" : "PkTvRAjf3AeDJmTTy", "value" : "730 Fleur d'Automne" }
{ "_id" : { "$oid" : "56aabaee86fa8eea8ea59231" }, "parentId" : "PkTvRAjf3AeDJmTTy", "value" : "732 Paradise" }
{ "_id" : { "$oid" : "56aabaee86fa8eea8ea59232" }, "parentId" : "PkTvRAjf3AeDJmTTy", "value" : "740 Escapade" }
{ "_id" : { "$oid" : "56aabaee86fa8eea8ea59233" }, "parentId" : "PkTvRAjf3AeDJmTTy", "value" : "743 Zinnia Red" }
{ "_id" : { "$oid" : "56aabaee86fa8eea8ea59234" }, "parentId" : "PkTvRAjf3AeDJmTTy", "value" : "745 Nova" }
{ "_id" : { "$oid" : "56aabaee86fa8eea8ea59235" }, "parentId" : "PkTvRAjf3AeDJmTTy", "value" : "746 Ambre Nuit" }
{ "_id" : { "$oid" : "56aabaee86fa8eea8ea59236" }, "parentId" : "PkTvRAjf3AeDJmTTy", "value" : "746 Beige Nude" }
{ "_id" : { "$oid" : "56aabaee86fa8eea8ea59237" }, "parentId" : "PkTvRAjf3AeDJmTTy", "value" : "750 Rock'n Roll" }
{ "_id" : { "$oid" : "56aabaee86fa8eea8ea59238" }, "parentId" : "PkTvRAjf3AeDJmTTy", "value" : "750 Rosebud" }
{ "_id" : { "$oid" : "56aabaee86fa8eea8ea59239" }, "parentId" : "PkTvRAjf3AeDJmTTy", "value" : "752 Favori Red" }
{ "_id" : { "$oid" : "56aabaee86fa8eea8ea5923a" }, "parentId" : "PkTvRAjf3AeDJmTTy", "value" : "753 Open Me" }
{ "_id" : { "$oid" : "56aabaee86fa8eea8ea5923b" }, "parentId" : "PkTvRAjf3AeDJmTTy", "value" : "756 Front Row" }
{ "_id" : { "$oid" : "56aabaee86fa8eea8ea5923c" }, "parentId" : "PkTvRAjf3AeDJmTTy", "value" : "756 Rose Chérie" }
{ "_id" : { "$oid" : "56aabaee86fa8eea8ea5923d" }, "parentId" : "PkTvRAjf3AeDJmTTy", "value" : "758 Lys Rouge" }
{ "_id" : { "$oid" : "56aabaee86fa8eea8ea5923e" }, "parentId" : "PkTvRAjf3AeDJmTTy", "value" : "758 Victoire" }
{ "_id" : { "$oid" : "56aabaee86fa8eea8ea5923f" }, "parentId" : "PkTvRAjf3AeDJmTTy", "value" : "760  Times Square" }
{ "_id" : { "$oid" : "56aabaee86fa8eea8ea59240" }, "parentId" : "PkTvRAjf3AeDJmTTy", "value" : "760 Garden Party" }
{ "_id" : { "$oid" : "56aabaee86fa8eea8ea59241" }, "parentId" : "PkTvRAjf3AeDJmTTy", "value" : "760" }
{ "_id" : { "$oid" : "56aabaee86fa8eea8ea59242" }, "parentId" : "PkTvRAjf3AeDJmTTy", "value" : "761 Mirage" }
{ "_id" : { "$oid" : "56aabaee86fa8eea8ea59243" }, "parentId" : "PkTvRAjf3AeDJmTTy", "value" : "762 Tout-Paris" }
{ "_id" : { "$oid" : "56aabaee86fa8eea8ea59244" }, "parentId" : "PkTvRAjf3AeDJmTTy", "value" : "765 Montmartre" }
{ "_id" : { "$oid" : "56aabaee86fa8eea8ea59245" }, "parentId" : "PkTvRAjf3AeDJmTTy", "value" : "769 Front Row" }
{ "_id" : { "$oid" : "56aabaee86fa8eea8ea59246" }, "parentId" : "PkTvRAjf3AeDJmTTy", "value" : "772 Pro Mahogany" }
{ "_id" : { "$oid" : "56aabaee86fa8eea8ea59247" }, "parentId" : "PkTvRAjf3AeDJmTTy", "value" : "772 Rose français" }
{ "_id" : { "$oid" : "56aabaee86fa8eea8ea59248" }, "parentId" : "PkTvRAjf3AeDJmTTy", "value" : "775 Holiday Red" }
{ "_id" : { "$oid" : "56aabaee86fa8eea8ea59249" }, "parentId" : "PkTvRAjf3AeDJmTTy", "value" : "779 Illusion" }
{ "_id" : { "$oid" : "56aabaee86fa8eea8ea5924a" }, "parentId" : "PkTvRAjf3AeDJmTTy", "value" : "779 Plaisir" }
{ "_id" : { "$oid" : "56aabaee86fa8eea8ea5924b" }, "parentId" : "PkTvRAjf3AeDJmTTy", "value" : "780 Bold" }
{ "_id" : { "$oid" : "56aabaee86fa8eea8ea5924c" }, "parentId" : "PkTvRAjf3AeDJmTTy", "value" : "781 Fahrenheit" }
{ "_id" : { "$oid" : "56aabaee86fa8eea8ea5924d" }, "parentId" : "PkTvRAjf3AeDJmTTy", "value" : "783 Atout cœur" }
{ "_id" : { "$oid" : "56aabaee86fa8eea8ea5924e" }, "parentId" : "PkTvRAjf3AeDJmTTy", "value" : "784 Chic" }
{ "_id" : { "$oid" : "56aabaee86fa8eea8ea5924f" }, "parentId" : "PkTvRAjf3AeDJmTTy", "value" : "785 Cosmopolite" }
{ "_id" : { "$oid" : "56aabaee86fa8eea8ea59250" }, "parentId" : "PkTvRAjf3AeDJmTTy", "value" : "786 Mysterious Mauve" }
{ "_id" : { "$oid" : "56aabaee86fa8eea8ea59251" }, "parentId" : "PkTvRAjf3AeDJmTTy", "value" : "788 Fleur Bleue" }
{ "_id" : { "$oid" : "56aabaee86fa8eea8ea59252" }, "parentId" : "PkTvRAjf3AeDJmTTy", "value" : "789 Smoky Brown" }
{ "_id" : { "$oid" : "56aabaee86fa8eea8ea59253" }, "parentId" : "PkTvRAjf3AeDJmTTy", "value" : "791 Brown Extase" }
{ "_id" : { "$oid" : "56aabaee86fa8eea8ea59254" }, "parentId" : "PkTvRAjf3AeDJmTTy", "value" : "796 Cuir Cannage" }
{ "_id" : { "$oid" : "56aabaee86fa8eea8ea59255" }, "parentId" : "PkTvRAjf3AeDJmTTy", "value" : "797 Choc" }
{ "_id" : { "$oid" : "56aabaee86fa8eea8ea59256" }, "parentId" : "PkTvRAjf3AeDJmTTy", "value" : "798 Brown" }
{ "_id" : { "$oid" : "56aabaee86fa8eea8ea59257" }, "parentId" : "PkTvRAjf3AeDJmTTy", "value" : "800 Snow pink" }
{ "_id" : { "$oid" : "56aabaee86fa8eea8ea59258" }, "parentId" : "PkTvRAjf3AeDJmTTy", "value" : "803 Métal Montaigne" }
{ "_id" : { "$oid" : "56aabaee86fa8eea8ea59259" }, "parentId" : "PkTvRAjf3AeDJmTTy", "value" : "808 PURPLE DESIGN" }
{ "_id" : { "$oid" : "56aabaee86fa8eea8ea5925a" }, "parentId" : "PkTvRAjf3AeDJmTTy", "value" : "808 Victoire" }
{ "_id" : { "$oid" : "56aabaee86fa8eea8ea5925b" }, "parentId" : "PkTvRAjf3AeDJmTTy", "value" : "808" }
{ "_id" : { "$oid" : "56aabaee86fa8eea8ea5925c" }, "parentId" : "PkTvRAjf3AeDJmTTy", "value" : "813 5TH Avenue" }
{ "_id" : { "$oid" : "56aabaee86fa8eea8ea5925d" }, "parentId" : "PkTvRAjf3AeDJmTTy", "value" : "818 ROSY DESIGN" }
{ "_id" : { "$oid" : "56aabaee86fa8eea8ea5925e" }, "parentId" : "PkTvRAjf3AeDJmTTy", "value" : "821 Chimère" }
{ "_id" : { "$oid" : "56aabaee86fa8eea8ea5925f" }, "parentId" : "PkTvRAjf3AeDJmTTy", "value" : "821 Peach Party" }
{ "_id" : { "$oid" : "56aabaee86fa8eea8ea59260" }, "parentId" : "PkTvRAjf3AeDJmTTy", "value" : "825 Aurora" }
{ "_id" : { "$oid" : "56aabaee86fa8eea8ea59261" }, "parentId" : "PkTvRAjf3AeDJmTTy", "value" : "826 Backstage" }
{ "_id" : { "$oid" : "56aabaee86fa8eea8ea59262" }, "parentId" : "PkTvRAjf3AeDJmTTy", "value" : "829 Miss Pink" }
{ "_id" : { "$oid" : "56aabaee86fa8eea8ea59263" }, "parentId" : "PkTvRAjf3AeDJmTTy", "value" : "836 Pink Bow" }
{ "_id" : { "$oid" : "56aabaee86fa8eea8ea59264" }, "parentId" : "PkTvRAjf3AeDJmTTy", "value" : "841 Rosée" }
{ "_id" : { "$oid" : "56aabaee86fa8eea8ea59265" }, "parentId" : "PkTvRAjf3AeDJmTTy", "value" : "844 Automne" }
{ "_id" : { "$oid" : "56aabaee86fa8eea8ea59266" }, "parentId" : "PkTvRAjf3AeDJmTTy", "value" : "844 Floral Pink" }
{ "_id" : { "$oid" : "56aabaee86fa8eea8ea59267" }, "parentId" : "PkTvRAjf3AeDJmTTy", "value" : "846 Lucky Pink" }
{ "_id" : { "$oid" : "56aabaee86fa8eea8ea59268" }, "parentId" : "PkTvRAjf3AeDJmTTy", "value" : "846 Tutu" }
{ "_id" : { "$oid" : "56aabaee86fa8eea8ea59269" }, "parentId" : "PkTvRAjf3AeDJmTTy", "value" : "848 Focus" }
{ "_id" : { "$oid" : "56aabaee86fa8eea8ea5926a" }, "parentId" : "PkTvRAjf3AeDJmTTy", "value" : "849 Mimi Bronze" }
{ "_id" : { "$oid" : "56aabaee86fa8eea8ea5926b" }, "parentId" : "PkTvRAjf3AeDJmTTy", "value" : "851 Pink Glow" }
{ "_id" : { "$oid" : "56aabaee86fa8eea8ea5926c" }, "parentId" : "PkTvRAjf3AeDJmTTy", "value" : "853 Massaï" }
{ "_id" : { "$oid" : "56aabaee86fa8eea8ea5926d" }, "parentId" : "PkTvRAjf3AeDJmTTy", "value" : "853 Rouge défendu" }
{ "_id" : { "$oid" : "56aabaee86fa8eea8ea5926e" }, "parentId" : "PkTvRAjf3AeDJmTTy", "value" : "855 Sweetheart" }
{ "_id" : { "$oid" : "56aabaee86fa8eea8ea5926f" }, "parentId" : "PkTvRAjf3AeDJmTTy", "value" : "856 Iconic Red" }
{ "_id" : { "$oid" : "56aabaee86fa8eea8ea59270" }, "parentId" : "PkTvRAjf3AeDJmTTy", "value" : "858 Royale" }
{ "_id" : { "$oid" : "56aabaee86fa8eea8ea59271" }, "parentId" : "PkTvRAjf3AeDJmTTy", "value" : "861 Rose Darling" }
{ "_id" : { "$oid" : "56aabaee86fa8eea8ea59272" }, "parentId" : "PkTvRAjf3AeDJmTTy", "value" : "862 Pro Magenta" }
{ "_id" : { "$oid" : "56aabaee86fa8eea8ea59273" }, "parentId" : "PkTvRAjf3AeDJmTTy", "value" : "869 Vie d'Enfer" }
{ "_id" : { "$oid" : "56aabaee86fa8eea8ea59274" }, "parentId" : "PkTvRAjf3AeDJmTTy", "value" : "871 Plum Extase" }
{ "_id" : { "$oid" : "56aabaee86fa8eea8ea59275" }, "parentId" : "PkTvRAjf3AeDJmTTy", "value" : "871 Power" }
{ "_id" : { "$oid" : "56aabaee86fa8eea8ea59276" }, "parentId" : "PkTvRAjf3AeDJmTTy", "value" : "872 Mona Lisette" }
{ "_id" : { "$oid" : "56aabaee86fa8eea8ea59277" }, "parentId" : "PkTvRAjf3AeDJmTTy", "value" : "875 Destinée" }
{ "_id" : { "$oid" : "56aabaee86fa8eea8ea59278" }, "parentId" : "PkTvRAjf3AeDJmTTy", "value" : "876 Happy Cherry" }
{ "_id" : { "$oid" : "56aabaee86fa8eea8ea59279" }, "parentId" : "PkTvRAjf3AeDJmTTy", "value" : "881 Fashion Night" }
{ "_id" : { "$oid" : "56aabaee86fa8eea8ea5927a" }, "parentId" : "PkTvRAjf3AeDJmTTy", "value" : "881 Hypnotique" }
{ "_id" : { "$oid" : "56aabaee86fa8eea8ea5927b" }, "parentId" : "PkTvRAjf3AeDJmTTy", "value" : "881 Rose Corolle" }
{ "_id" : { "$oid" : "56aabaee86fa8eea8ea5927c" }, "parentId" : "PkTvRAjf3AeDJmTTy", "value" : "882 Pink Sky" }
{ "_id" : { "$oid" : "56aabaee86fa8eea8ea5927d" }, "parentId" : "PkTvRAjf3AeDJmTTy", "value" : "885 Artsy" }
{ "_id" : { "$oid" : "56aabaee86fa8eea8ea5927e" }, "parentId" : "PkTvRAjf3AeDJmTTy", "value" : "888 Soho" }
{ "_id" : { "$oid" : "56aabaee86fa8eea8ea5927f" }, "parentId" : "PkTvRAjf3AeDJmTTy", "value" : "889 New Red" }
{ "_id" : { "$oid" : "56aabaee86fa8eea8ea59280" }, "parentId" : "PkTvRAjf3AeDJmTTy", "value" : "890 Brun Jungle" }
{ "_id" : { "$oid" : "56aabaee86fa8eea8ea59281" }, "parentId" : "PkTvRAjf3AeDJmTTy", "value" : "896 Redissimo" }
{ "_id" : { "$oid" : "56aabaee86fa8eea8ea59282" }, "parentId" : "PkTvRAjf3AeDJmTTy", "value" : "899 Corail" }
{ "_id" : { "$oid" : "56aabaee86fa8eea8ea59283" }, "parentId" : "PkTvRAjf3AeDJmTTy", "value" : "910 Park Avenue" }
{ "_id" : { "$oid" : "56aabaee86fa8eea8ea59284" }, "parentId" : "PkTvRAjf3AeDJmTTy", "value" : "918 Hypnotic" }
{ "_id" : { "$oid" : "56aabaee86fa8eea8ea59285" }, "parentId" : "PkTvRAjf3AeDJmTTy", "value" : "939 Rose Libertine" }
{ "_id" : { "$oid" : "56aabaee86fa8eea8ea59286" }, "parentId" : "PkTvRAjf3AeDJmTTy", "value" : "941 Rouge Cannage" }
{ "_id" : { "$oid" : "56aabaee86fa8eea8ea59287" }, "parentId" : "PkTvRAjf3AeDJmTTy", "value" : "943 My Rose" }
{ "_id" : { "$oid" : "56aabaee86fa8eea8ea59288" }, "parentId" : "PkTvRAjf3AeDJmTTy", "value" : "943 Thrilling Plum" }
{ "_id" : { "$oid" : "56aabaee86fa8eea8ea59289" }, "parentId" : "PkTvRAjf3AeDJmTTy", "value" : "951 Too Much" }
{ "_id" : { "$oid" : "56aabaee86fa8eea8ea5928a" }, "parentId" : "PkTvRAjf3AeDJmTTy", "value" : "952 Rouge Royal" }
{ "_id" : { "$oid" : "56aabaee86fa8eea8ea5928b" }, "parentId" : "PkTvRAjf3AeDJmTTy", "value" : "958 Sterling Red" }
{ "_id" : { "$oid" : "56aabaee86fa8eea8ea5928c" }, "parentId" : "PkTvRAjf3AeDJmTTy", "value" : "967 Gotha" }
{ "_id" : { "$oid" : "56aabaee86fa8eea8ea5928d" }, "parentId" : "PkTvRAjf3AeDJmTTy", "value" : "970 Nuit 1947" }
{ "_id" : { "$oid" : "56aabaee86fa8eea8ea5928e" }, "parentId" : "PkTvRAjf3AeDJmTTy", "value" : "974 Rebellious" }
{ "_id" : { "$oid" : "56aabaee86fa8eea8ea5928f" }, "parentId" : "PkTvRAjf3AeDJmTTy", "value" : "975 Minuit" }
{ "_id" : { "$oid" : "56aabaee86fa8eea8ea59290" }, "parentId" : "PkTvRAjf3AeDJmTTy", "value" : "976 Be Dior" }
{ "_id" : { "$oid" : "56aabaee86fa8eea8ea59291" }, "parentId" : "PkTvRAjf3AeDJmTTy", "value" : "986 Star Fuchsia" }
{ "_id" : { "$oid" : "56aabaee86fa8eea8ea59292" }, "parentId" : "PkTvRAjf3AeDJmTTy", "value" : "987 Black Tie" }
{ "_id" : { "$oid" : "56aabaee86fa8eea8ea59293" }, "parentId" : "PkTvRAjf3AeDJmTTy", "value" : "988 Nuit Rose" }
{ "_id" : { "$oid" : "56aabaee86fa8eea8ea59294" }, "parentId" : "PkTvRAjf3AeDJmTTy", "value" : "988 Rialto" }
{ "_id" : { "$oid" : "56aabaee86fa8eea8ea59295" }, "parentId" : "PkTvRAjf3AeDJmTTy", "value" : "99" }
{ "_id" : { "$oid" : "56aabaee86fa8eea8ea59296" }, "parentId" : "PkTvRAjf3AeDJmTTy", "value" : "994 Power" }
{ "_id" : { "$oid" : "56aabaee86fa8eea8ea59297" }, "parentId" : "PkTvRAjf3AeDJmTTy", "value" : "999 Rouge 999" }
{ "_id" : { "$oid" : "56aabaee86fa8eea8ea59298" }, "parentId" : "PkTvRAjf3AeDJmTTy", "value" : "999 Rouge Dior" }
{ "_id" : { "$oid" : "56aabaee86fa8eea8ea59299" }, "parentId" : "PkTvRAjf3AeDJmTTy", "value" : "999 传奇红唇" }
{ "_id" : { "$oid" : "56aabaee86fa8eea8ea5929a" }, "parentId" : "PkTvRAjf3AeDJmTTy", "value" : "999" }
