{ "_id" : "N5dbisZZv24q2ToPd", "typebanner" : "webzine", "imageId" : "ASAnT7xwiWW84DJbE", "url" : "/webzinedetails/آیا-از-نتایج-اعجاب-انگیز-روغن-نارگیل-بر-پوست-و-مو-آگاه-هستید؟--" }
{ "_id" : "RehaqYkpdxxuRxY3A", "typebanner" : "home", "imageId" : "7FfrTEgfZufTeAXAd", "url" : "https://www.instagram.com/safirstores/" }
{ "_id" : "caoN92GxW48pB4uRz", "typebanner" : "webzine", "imageId" : "fCzYGE3t5HRT3WG7d", "url" : "/webzinedetails/مناسب-ترین-پاک-کننده-برای-پوستتان-چیست؟" }
{ "_id" : "hMuzxgaLeP9qKiDWw", "typebanner" : "home", "imageId" : "g6b6rPzquchxovsgs", "url" : "http://safirperfumery.com/details/Kouros-Yves-Saint-Laurent-for-men" }
{ "_id" : "i8Bm9vfbsdLAXdRAa", "imageId" : "tsFkkJJvs9pcfdWnx", "typebanner" : "webzine", "url" : "/webzinedetails/%DA%86%DA%AF%D9%88%D9%86%D9%87-%D9%86%D9%88%D8%B9-%D9%BE%D9%88%D8%B3%D8%AA%D9%85%D8%A7%D9%86-%D8%B1%D8%A7-%D8%AA%D8%B4%D8%AE%DB%8C%D8%B5-%D8%AF%D9%87%DB%8C%D9%85%D8%9F" }
{ "_id" : "tC9hMtGX6MZNpxZf9", "typebanner" : "home", "imageId" : "kSdSKbMADS9AWpxL2", "url" : "http://safirperfumery.com/details/Hypnotic-Poison-Eau-de-Parfum-Christian-Dior-for-women" }
{ "_id" : "uY5aXSEmMkCEPS4k8", "typebanner" : "home", "imageId" : "SA98x2vK6xwoDrGdd", "url" : "http://safirperfumery.com/details/Black-Opium-Yves-Saint-Laurent-for-women" }
