{ "_id" : "2KwvsYZRzMjYCbrRX", "bannercat" : "7xhoS6XnKzD86vv5W", "i18n" : { "en" : { "title" : "Body Exfoliators" } }, "image" : [], "parent" : "DakYaeC3PLDmThqwc", "title" : "لایه بردارها" }
{ "_id" : "2aiPc2T5EiQmHDK3a", "title" : "رژگونه", "parent" : "p4SN5XRunuSorpB36", "image" : "", "i18n" : { "en" : { "title" : "Blush" } } }
{ "_id" : "4AWmRxBmCJNXi8yT6", "title" : "باید ها", "parent" : "DfwSwoSezQetwuGYy", "image" : "NNXHihDaPaDECnwP5", "i18n" : { "en" : { "title" : "must haves" } } }
{ "_id" : "5PPoaupa5BdkTLSJj", "bannercat" : "K9oqGJkvxrN3Noibu", "i18n" : { "en" : { "title" : "special body care" } }, "image" : [], "parent" : "ZzfWqBgHZz4AY6M5B", "title" : "مراقبت های خاص بدن" }
{ "_id" : "5iNK2SbNsEaQz9cAP", "title" : "مداد چشم", "parent" : "vP4keN5JMiWmCFN3r", "image" : "", "i18n" : { "en" : { "title" : "Eye Pencils" } } }
{ "_id" : "8HKqJJbB85uf2ECk2", "title" : "دست و ناخن", "parent" : "DfwSwoSezQetwuGYy", "image" : [], "i18n" : { "en" : { "title" : "SKINCARE for men" } }, "bannercat" : "baxL9LHfG3vrKbGxY" }
{ "_id" : "9hAXNTpnv5LoXfros", "title" : "لایه برداری صورت", "parent" : "sABxveHKTXBmhCnDX", "image" : [ "" ], "i18n" : { "en" : { "title" : "face exfoliator" } } }
{ "_id" : "BfGTSfXLQEP9hZp69", "title" : "مراقبت از پوست آقایان", "parent" : "DfwSwoSezQetwuGYy", "image" : [], "i18n" : { "en" : { "title" : "SKINCARE for men" } }, "bannercat" : "DfXwiX4m6yTyraZSB" }
{ "_id" : "CaFR6qB3w8zxeAFeu", "title" : "مراقبت های بعد از آفتاب", "parent" : "RCnLdFcQ984FxNLg5", "image" : "", "i18n" : { "en" : { "title" : "After Sun" } } }
{ "_id" : "CatL4vMeevtFZjgFr", "bannercat" : "gGyuMj7EjMWbSc5oF", "i18n" : { "en" : { "title" : "Cleansers" } }, "image" : [], "parent" : "DfwSwoSezQetwuGYy", "title" : "پاک کننده ها" }
{ "_id" : "D5A646CMz4qzMHDBR", "title" : "ریمل", "parent" : "vP4keN5JMiWmCFN3r", "image" : "", "i18n" : { "en" : { "title" : "Mascaras" } } }
{ "_id" : "DPai9MDsPFKuHweJg", "bannercat" : "5StEL6t2t9rMxgH62", "i18n" : { "en" : { "title" : "Hand and Nails" } }, "image" : [], "parent" : "TgJ9phmwEJdE3ftLr", "title" : "ناخن" }
{ "_id" : "DYq5Z8GmZZ6wyMmWj", "title" : "عطر و ادکلن", "parent" : " ", "image" : [ "6RfE5G5yQB8hAkptt" ], "i18n" : { "en" : { "title" : "Fragrance" } }, "bannercat" : "hAAq9F8n2JvpJYBCy" }
{ "_id" : "DakYaeC3PLDmThqwc", "title" : "خط لب", "parent" : "eu33Tosw3C7Dde6t7", "image" : "", "i18n" : { "en" : { "title" : "lip Liners" } } }
{ "_id" : "DfwSwoSezQetwuGYy", "title" : "مراقبت از پوست", "parent" : " ", "image" : [ "pZtjXFutkoodpRS4X" ], "i18n" : { "en" : { "title" : "SKINCARE" } }, "bannercat" : "CP6nsdmCKEfPkzMX7" }
{ "_id" : "EN6oTJcwmTmHs6dLa", "bannercat" : "6xHH3pFJsCWjd3ZPZ", "i18n" : { "en" : { "title" : "hair masks" } }, "image" : [], "parent" : "gP69cBCbjSQ6fES38", "title" : "ماسک مو" }
{ "_id" : "FNL57ZtJiKNbDXE4M", "title" : "برنز کننده", "parent" : "p4SN5XRunuSorpB36", "image" : "", "i18n" : { "en" : { "title" : "Bronzer" } } }
{ "_id" : "KQjopepnzsMdZgjt4", "title" : "کرم های روز", "parent" : "aeKc3FGRoK5QvKwzn", "image" : [], "i18n" : { "en" : { "title" : "day Cream" } } }
{ "_id" : "KufhT4TdAuWYmuGwE", "title" : "بالم لب", "parent" : "eu33Tosw3C7Dde6t7", "image" : "", "i18n" : { "en" : { "title" : "Lip Balms" } } }
{ "_id" : "LFypPyKESqjz679NG", "title" : "کرم های دور چشم", "parent" : "aeKc3FGRoK5QvKwzn", "image" : "", "i18n" : { "en" : { "title" : "Eye Cream" } } }
{ "_id" : "Nd7J5J6KBzmBxcYdT", "bannercat" : "8y99Tsuiwq5WzTtjy", "i18n" : { "en" : { "title" : "Moisturize" } }, "image" : [], "parent" : "aeKc3FGRoK5QvKwzn", "title" : "مرطوب کننده " }
{ "_id" : "Njrz9EjNMDJoEsXD6", "title" : "ابرو", "parent" : "vP4keN5JMiWmCFN3r", "image" : "", "i18n" : { "en" : { "title" : "Eye Brow" } } }
{ "_id" : "QBS9ZkP7ZkwGzoCGB", "title" : "لایه بردارهای بدن", "parent" : "ZzfWqBgHZz4AY6M5B", "image" : [ "" ], "i18n" : { "en" : { "title" : "Body Exfoliators" } } }
{ "_id" : "RCnLdFcQ984FxNLg5", "bannercat" : "8Y6xy58nEGRg3ye45", "i18n" : { "en" : { "title" : "Skin Type" } }, "image" : [], "parent" : "DfwSwoSezQetwuGYy", "title" : "ضد آفتاب ها و مراقبت های آفتاب" }
{ "_id" : "RTjtzQcGinMoKoTx5", "title" : "سایه چشم", "parent" : "vP4keN5JMiWmCFN3r", "image" : "", "i18n" : { "en" : { "title" : "EYE Shadows" } } }
{ "_id" : "S62qW7cdSw9mGmei6", "title" : "رژلب", "parent" : "eu33Tosw3C7Dde6t7", "image" : "", "i18n" : { "en" : { "title" : "Lipsticks" } } }
{ "_id" : "SGXfvpiqSXNqTFuTt", "title" : "کرم های BB و CC", "parent" : "aeKc3FGRoK5QvKwzn", "image" : "", "i18n" : { "en" : { "title" : "BB , CC Cream" } } }
{ "_id" : "TgJ9phmwEJdE3ftLr", "bannercat" : "am8TF6JGMPHhkxaD4", "description" : "makeup", "i18n" : { "en" : { "title" : "Make-UP" } }, "image" : [ "9RScvMQC7fo5MDQXe" ], "parent" : " ", "title" : "لوازم آرایش" }
{ "_id" : "TiEhtMcDXDSGXof3g", "title" : "پرایمر", "parent" : "p4SN5XRunuSorpB36", "image" : "", "i18n" : { "en" : { "title" : " Gloss" } } }
{ "_id" : "XAzgZSdu64rsemJGL", "title" : "رژلب مایع", "parent" : "eu33Tosw3C7Dde6t7", "image" : "", "i18n" : { "en" : { "title" : " Gloss" } } }
{ "_id" : "ZzfWqBgHZz4AY6M5B", "title" : "محصولات بدن", "parent" : " ", "image" : [ "wTBtSg2kd2aKWofN5" ], "i18n" : { "en" : { "title" : "Body Care" } }, "bannercat" : "LuyKhDLBGMtWX4uH9" }
{ "_id" : "aNcZxkgxG7XPyJQ9C", "title" : "انواع پوست", "parent" : "DfwSwoSezQetwuGYy", "image" : "hbDHExpuMnKRhMFPB", "i18n" : { "en" : { "title" : "Skin Type" } } }
{ "_id" : "abhS9WJYkfoAWpjyW", "title" : "پاک کننده بدون آب", "parent" : "CatL4vMeevtFZjgFr", "image" : [ "" ], "i18n" : { "en" : { "title" : "cleansing without water" } } }
{ "_id" : "aeKc3FGRoK5QvKwzn", "title" : "مرطوب کننده ها", "parent" : "DfwSwoSezQetwuGYy", "image" : "", "i18n" : { "en" : { "title" : "Moisturize" } } }
{ "_id" : "drBcq5CzzqnidkaNG", "title" : "چشم پاک کن ها", "parent" : "CatL4vMeevtFZjgFr", "image" : "dmZjw2jcLB76MypZS", "i18n" : { "en" : { "title" : "Eye make-up Remover" } } }
{ "_id" : "eFscjE3onLDXh9Msa", "i18n" : { "en" : { "title" : "Body oil" } }, "image" : [], "parent" : "RCnLdFcQ984FxNLg5", "title" : "روغن های آفتاب" }
{ "_id" : "ePRYHKjhu4s3Frsmj", "title" : "کانسیلر", "parent" : "vP4keN5JMiWmCFN3r", "image" : "", "i18n" : { "en" : { "title" : "Concealers" } } }
{ "_id" : "eSQn6gJnXNrd4W9WW", "title" : "عطر مردانه", "parent" : "DYq5Z8GmZZ6wyMmWj", "image" : [], "i18n" : { "en" : { "title" : "Men's fragrance" } }, "bannercat" : "X5NjPTbCjphSmgH8c" }
{ "_id" : "eu33Tosw3C7Dde6t7", "bannercat" : "2DxXPQfkmgMLGHvzZ", "i18n" : { "en" : { "title" : "Lips" } }, "image" : [], "parent" : "TgJ9phmwEJdE3ftLr", "title" : "لب" }
{ "_id" : "fPjZNzQSNSLhPSgp8", "title" : "پوست چرب", "parent" : "aNcZxkgxG7XPyJQ9C", "image" : "HNNYQa9vpef7GbQ7g", "i18n" : { "en" : { "title" : "Oily skin" } } }
{ "_id" : "g54LEL2s4ZhSeoxGA", "title" : "خط چشم", "parent" : "vP4keN5JMiWmCFN3r", "image" : "", "i18n" : { "en" : { "title" : "Foundation" } } }
{ "_id" : "gP69cBCbjSQ6fES38", "title" : "مراقبت از مو", "parent" : " ", "image" : [ "e7cC4CkATjqwgSPmk" ], "i18n" : { "en" : { "title" : "Hair" } }, "bannercat" : "xfKkCK8eEDmo3jYrE" }
{ "_id" : "gZRuiAjyXTfcHYZ9t", "title" : "عطر زنانه", "parent" : "DYq5Z8GmZZ6wyMmWj", "image" : [], "i18n" : { "en" : { "title" : "Women's Fragrance" } }, "bannercat" : "wM98G26EfcTaRPkCJ" }
{ "_id" : "hpvKt9iBNovG4XbGk", "title" : "کرم پودر", "parent" : "p4SN5XRunuSorpB36", "image" : "", "i18n" : { "en" : { "title" : "Foundation" } } }
{ "_id" : "iM4nHmGZuyJz3Fgf6", "title" : "کرم های دکلته و گردن", "parent" : "aeKc3FGRoK5QvKwzn", "image" : "", "i18n" : { "en" : { "title" : "Decollete and Neck Care" } } }
{ "_id" : "ixSPJWuEMJ5JtzWe5", "title" : "اتو برنزر", "parent" : "RCnLdFcQ984FxNLg5", "image" : "", "i18n" : { "en" : { "title" : "Self Tanners" } } }
{ "_id" : "k9zRggRXH3hhGFMkH", "title" : "ضد آفتاب", "parent" : "RCnLdFcQ984FxNLg5", "image" : "", "i18n" : { "en" : { "title" : "Sun Care" } } }
{ "_id" : "kwrPucHWWmHqXkmqv", "title" : "شستشو با آب", "parent" : "CatL4vMeevtFZjgFr", "image" : [ "" ], "i18n" : { "en" : { "title" : "cleansing with water" } } }
{ "_id" : "mX9tGdz5ekBybjr96", "title" : "لاک ناخن", "parent" : "DPai9MDsPFKuHweJg", "image" : "", "i18n" : { "en" : { "title" : "nail polish" } } }
{ "_id" : "nsTBwMj44DQ7XvLrY", "title" : "پوست حساس", "parent" : "aNcZxkgxG7XPyJQ9C", "image" : "5jqKcFStSqwXZm6fA", "i18n" : { "en" : { "title" : "Sensitive skin" } } }
{ "_id" : "oTzpiaLvekWaCKXAx", "bannercat" : "gXjHFjwBDpyLgMMy2", "i18n" : { "en" : { "title" : "brow " } }, "image" : [], "parent" : "gP69cBCbjSQ6fES38", "title" : "تقویت ابرو" }
{ "_id" : "occNnpndu26gKrBjA", "title" : "پایه آرایش چشم", "parent" : "vP4keN5JMiWmCFN3r", "image" : "k9DmuzCinMHub6scm", "i18n" : { "en" : { "title" : "Eye Primers" } } }
{ "_id" : "p4SN5XRunuSorpB36", "bannercat" : "vihfTw6aGYjSptYm9", "i18n" : { "en" : { "title" : "Face" } }, "image" : [], "parent" : "TgJ9phmwEJdE3ftLr", "title" : "چهره" }
{ "_id" : "pmLmSCxeKHqMhXpNg", "title" : "صورت آقایان", "parent" : "BfGTSfXLQEP9hZp69", "image" : "7ZpAkkrnMPeLodYfQ", "i18n" : { "en" : { "title" : "Men's face" } } }
{ "_id" : "q34WQNJtKL8W27B22", "title" : "کرم های شب", "parent" : "aeKc3FGRoK5QvKwzn", "image" : "", "i18n" : { "en" : { "title" : "night Care" } } }
{ "_id" : "qh2pap3EE5nQ2NaoL", "bannercat" : "yrEKkhkTCpDQXiLSX", "i18n" : { "en" : { "title" : "eyelash" } }, "image" : [], "parent" : "gP69cBCbjSQ6fES38", "title" : "تقویت مژه" }
{ "_id" : "qsAG2HDpdgZdssMt2", "title" : "بدن آقایان", "parent" : "BfGTSfXLQEP9hZp69", "image" : "Gs26kmw6aGgbJciTZ", "i18n" : { "en" : { "title" : "Men's Body" } } }
{ "_id" : "sABxveHKTXBmhCnDX", "bannercat" : "RAhsQqEtycnF2gcK7", "i18n" : { "en" : { "title" : "Masks" } }, "image" : [], "parent" : "DfwSwoSezQetwuGYy", "title" : "ماسک ها" }
{ "_id" : "t6kLv6BQS9FC3q6Tr", "title" : "ماسک صورت", "parent" : "sABxveHKTXBmhCnDX", "image" : "tc2Gne9nF5YZDMDWk", "i18n" : { "en" : { "title" : "Face masks" } } }
{ "_id" : "ub8QDciNusnvFXPjC", "title" : "دور چشم آقایان", "parent" : "BfGTSfXLQEP9hZp69", "image" : [ "" ], "i18n" : { "en" : { "title" : "men eye cream" } } }
{ "_id" : "vP4keN5JMiWmCFN3r", "bannercat" : "D3XrL2aZd7EjzodLh", "i18n" : { "en" : { "title" : "EYE" } }, "image" : [], "parent" : "TgJ9phmwEJdE3ftLr", "title" : "چشم" }
{ "_id" : "vdmHjkJuosuzYRMs2", "title" : "پودر", "parent" : "p4SN5XRunuSorpB36", "image" : "", "i18n" : { "en" : { "title" : "Foundation" } } }
{ "_id" : "vxvyWfDBSpcTdJyfE", "title" : "عطر زنانه و مردانه", "parent" : "DYq5Z8GmZZ6wyMmWj", "image" : [], "i18n" : { "en" : { "title" : "Unisex Fragrance" } }, "bannercat" : "ZWhxfzdrwMBWn9gwq" }
{ "_id" : "wAZHzXmQschuuTLfh", "title" : "تونر ها", "parent" : "CatL4vMeevtFZjgFr", "image" : [ "" ], "i18n" : { "en" : { "title" : "toners" } } }
{ "_id" : "yqnqvsKcdiiMiHb93", "bannercat" : "i9Jn9Yq6ugR55m7Cw", "i18n" : { "en" : { "title" : "hair " } }, "image" : [], "parent" : "gP69cBCbjSQ6fES38", "title" : "تقویت مو" }
{ "_id" : "zQoeCFEAmPyxtuvrq", "bannercat" : "3zyGaKqeQAW9FpiFr", "i18n" : { "en" : { "title" : "makeup sets" } }, "image" : [], "parent" : "TgJ9phmwEJdE3ftLr", "title" : "ست های آرایشی" }
