{ "_id" : "2HfnMZjESB6TCZCnh", "userId" : "6cwWcPcCKtXZduuCh", "date" : "1/27/2016" }
{ "_id" : "5PY9KCsY3KZhB77ns", "userId" : null, "date" : "1/27/2016" }
{ "_id" : "5qYp3mDojrAJXahgf", "userId" : "Cu5cuKGqwLv35uNjM", "date" : "28-1-2016" }
{ "_id" : "6noG5pfFwduQbe897", "userId" : null, "date" : "28-1-2016" }
{ "_id" : "8HfFzBThJq3p2p6d2", "userId" : "ZiDr69wubG7uT2y7F", "date" : "1/27/2016" }
{ "_id" : "AgJmPghQda3hruhEv", "userId" : "Cu5cuKGqwLv35uNjM", "date" : "26/1/2016" }
{ "_id" : "BsxviAKdBYqRJtAJE", "userId" : null, "date" : "27-1-2016" }
{ "_id" : "ChyaHDg4dcJ3rW7zu", "userId" : null, "date" : "1/27/2016" }
{ "_id" : "DPKFBRMLoBDf7mzZD", "userId" : "Cu5cuKGqwLv35uNjM", "date" : "1/27/2016" }
{ "_id" : "DjbQgWuQLmAaJRqdD", "userId" : "yAzARdk9juNukZeiD", "date" : "1/27/2016" }
{ "_id" : "Gbhu69gWji26MrpKk", "userId" : "Cu5cuKGqwLv35uNjM", "date" : "28-1-2016" }
{ "_id" : "HFioz2k9xNrsz9fHB", "userId" : "DmM3YjAtjn6RW9HFw", "date" : "1/27/2016" }
{ "_id" : "J8dDWNHjkpEjgr2Kn", "userId" : null, "date" : "27-1-2016" }
{ "_id" : "L2vAdEB7xFjYJRp5e", "userId" : "Cu5cuKGqwLv35uNjM", "date" : "1/29/2016" }
{ "_id" : "MAAPwxZ7AG32yMvdW", "userId" : "HmeYMJtbvAnxSqJLC", "date" : "1/27/2016" }
{ "_id" : "NfKHagNJzjLjfvq8E", "userId" : null, "date" : "1/27/2016" }
{ "_id" : "QD6jXjRpjbAhHXSzp", "userId" : "6cwWcPcCKtXZduuCh", "date" : "1/27/2016" }
{ "_id" : "QXDhttPmw83F2bmmq", "userId" : "Cu5cuKGqwLv35uNjM", "date" : "29/1/2016" }
{ "_id" : "QnLk7vawCzX8bstwx", "userId" : "Cu5cuKGqwLv35uNjM", "date" : "1/28/2016" }
{ "_id" : "TD5FHo6t3Z8h2TqAS", "userId" : null, "date" : "1/27/2016" }
{ "_id" : "X82yz5FTdrF77NaDj", "userId" : "Cu5cuKGqwLv35uNjM", "date" : "29/1/2016" }
{ "_id" : "XaDDghGb2Yc9P4Me6", "userId" : "ejgiCAqgP7dgvA5Ez", "date" : "1/29/2016" }
{ "_id" : "XvnTHwRpBogDuBgZE", "userId" : "ZvTsFBjepq3DbSJLn", "date" : "1/27/2016" }
{ "_id" : "ZhZjBR7XuneYBfsjK", "userId" : null, "date" : "27-1-2016" }
{ "_id" : "aXojGXTwS6T4QnDYw", "userId" : null, "date" : "27-1-2016" }
{ "_id" : "cwzP9RSzcwYsY4wEG", "userId" : null, "date" : "27-1-2016" }
{ "_id" : "kn7fBZcdhrdD2SBnK", "userId" : null, "date" : "1/27/2016" }
{ "_id" : "orDNAPKRS3BJakimp", "userId" : "Cu5cuKGqwLv35uNjM", "date" : "1/28/2016" }
{ "_id" : "qG7auYQhisSkSRkpD", "userId" : "ejgiCAqgP7dgvA5Ez", "date" : "27-1-2016" }
{ "_id" : "qyT3HJGDQ7uhLb3oK", "userId" : null, "date" : "1/28/2016" }
{ "_id" : "zRWKKzHAnqQnCfoYF", "userId" : "ejgiCAqgP7dgvA5Ez", "date" : "1/27/2016" }
