{ "_id" : "27tkt87xMZGvqbF5C", "proId" : "3tMHp2JJMAo56QcKz", "userId" : "Cu5cuKGqwLv35uNjM" }
{ "_id" : "2K7oDJx7oEvGHiCNy", "proId" : "563feda701f64d594be684bb", "userId" : "7SArBJf8fm8G8BgbH" }
{ "_id" : "2o3P2dP7wsSJwFjRP", "proId" : "563feda701f64d594be683fa", "userId" : "jvJoinY5AkoDx99Bx" }
{ "_id" : "2sNFCWrcjfYDXWYfD", "proId" : "563feda701f64d594be686a7", "userId" : "BxumMtt9jB4oQ3a9J" }
{ "_id" : "3GzfpvKAWaDiBu3pJ", "proId" : "563feda701f64d594be68597", "userId" : "Cu5cuKGqwLv35uNjM" }
{ "_id" : "3TWRKLzqqjd5u7Fjd", "proId" : "563feda701f64d594be686aa", "userId" : "BxumMtt9jB4oQ3a9J" }
{ "_id" : "3qh7QcdABFyXQQr6X", "proId" : "37eEwAiCHQ3i52Dn7", "userId" : "Cu5cuKGqwLv35uNjM" }
{ "_id" : "3vujEDgLmQdjLWPLa", "proId" : "563feda701f64d594be68646", "userId" : "enN2jJMPYhF4cjDSL" }
{ "_id" : "4EGebuSj63L8vHryB", "proId" : "563feda701f64d594be6850e", "userId" : "FBGzhbgQxAAc6mTZh" }
{ "_id" : "5AQDWWLfWoBmC7r4y", "proId" : "563feda701f64d594be686ad", "userId" : "56D8griTLxHDWuzyG" }
{ "_id" : "5bzkzyBeE9LLjSRcW", "proId" : "563feda701f64d594be685f5", "userId" : "k8vtQrfkEo8xe24tA" }
{ "_id" : "5rHLhSxgzhvBH4c27", "proId" : "563feda701f64d594be686a9", "userId" : "BxumMtt9jB4oQ3a9J" }
{ "_id" : "6AStAD7deLepxmoTe", "proId" : "563feda701f64d594be68697", "userId" : "fPKn6xP3fLvihXgXv" }
{ "_id" : "6GxRmXsWLPiYKR4kD", "proId" : "563feda701f64d594be68687", "userId" : "BxumMtt9jB4oQ3a9J" }
{ "_id" : "6W85RWN8YBnfpCjXf", "proId" : "563feda701f64d594be6861c", "userId" : "3cDDo3raYcFowaz9C" }
{ "_id" : "6uESjFvwPsQEHPZhs", "proId" : "563feda701f64d594be6859b", "userId" : "Cu5cuKGqwLv35uNjM" }
{ "_id" : "7DJ8Z7pqSjozvAqFi", "proId" : "563feda701f64d594be68645", "userId" : "Askhr2waaM7ybWyqw" }
{ "_id" : "7d5ueTbQHtBKSffR9", "proId" : "563feda701f64d594be68510", "userId" : "hwDFW6qzvhAxtgACC" }
{ "_id" : "7nD6NQu2YiN2HJ3RF", "proId" : "563feda701f64d594be685f9", "userId" : "XgQEqiZYybPJyfBnc" }
{ "_id" : "7nPtCir6dqpkQvsnD", "proId" : "563feda701f64d594be68645", "userId" : "qu2NLjst6FqERyWXW" }
{ "_id" : "7uipRaFZA4B8rsCSq", "proId" : "563feda701f64d594be684f5", "userId" : "PfNRFRFEBsHDeR3sD" }
{ "_id" : "892APD7JNFvcR8idj", "proId" : "5699177c045a289385383cad", "userId" : "wy38f8PaBRwAS56a3" }
{ "_id" : "8fdDX4XEch6AYgD9u", "proId" : "563feda701f64d594be6843c", "userId" : "ZuFwdSPXgNLYwBppY" }
{ "_id" : "98f2wgBjitk3P7WvG", "proId" : "563feda701f64d594be686ab", "userId" : "56D8griTLxHDWuzyG" }
{ "_id" : "9MEZA9uTHgnRqCsg5", "proId" : "563feda701f64d594be68597", "userId" : "GaYZwfrW6D4gj7koM" }
{ "_id" : "9qXNns2y2pQY3QMhb", "proId" : "563feda701f64d594be68508", "userId" : "" }
{ "_id" : "AcrHoHo88ABsgzdXn", "proId" : "563feda701f64d594be683ed", "userId" : "Cu5cuKGqwLv35uNjM" }
{ "_id" : "AmPAwbWnenzEKFc8q", "proId" : "563feda701f64d594be68645", "userId" : "Mdmg6sqXDsFyAmnJf" }
{ "_id" : "B9sfRzuFgzQD4BQBt", "proId" : "563feda701f64d594be68477", "userId" : "JWxggafbmfTFq3p5X" }
{ "_id" : "BEk7L336WySsaiggC", "proId" : "563feda701f64d594be68645", "userId" : "eoXychq7SkqrsNMeQ" }
{ "_id" : "BGuackfxvgAD49NqS", "proId" : "563feda701f64d594be6861c", "userId" : "NtvoWirycvgxpJzSf" }
{ "_id" : "BHmNaXHXjjLfPKChK", "proId" : "563feda701f64d594be6847d", "userId" : "MuCzthwYnvoPWqrKH" }
{ "_id" : "BWroYN5jBqxfZQxfF", "proId" : "569917ac045a289385383d1f", "userId" : "jvJoinY5AkoDx99Bx" }
{ "_id" : "BuhmafPeLochixqan", "proId" : "4ra85n7ZJESCfRpen", "userId" : "Cu5cuKGqwLv35uNjM" }
{ "_id" : "C5vCb6xAaN7F2KFxu", "proId" : "563feda701f64d594be6859b", "userId" : "NtvoWirycvgxpJzSf" }
{ "_id" : "D8pSBwovLP7WHuoiE", "proId" : "563feda701f64d594be685fa", "userId" : "7SArBJf8fm8G8BgbH" }
{ "_id" : "E43DywMB3Z9szvn5z", "proId" : "563feda701f64d594be68409", "userId" : "7CvBEqKocfZAqqyKi" }
{ "_id" : "ECw57aXScmdTBvPHb", "proId" : "563feda701f64d594be685bb", "userId" : "8g6mx8ZNdktQdrTeR" }
{ "_id" : "ETR4moLrZtvMDr5Hf", "proId" : "563feda701f64d594be68630", "userId" : "7SArBJf8fm8G8BgbH" }
{ "_id" : "EbmB4q9iHpCbQzPfx", "proId" : "563feda701f64d594be6861c", "userId" : "GaYZwfrW6D4gj7koM" }
{ "_id" : "EvBxyWXLzYBkgTNca", "proId" : "563feda701f64d594be686a6", "userId" : "56D8griTLxHDWuzyG" }
{ "_id" : "FmYtzQ7RDFsenTdbF", "proId" : "563feda701f64d594be68552", "userId" : "NtvoWirycvgxpJzSf" }
{ "_id" : "FtittxrygqyeAidMw", "proId" : "5699177c045a289385383cad", "userId" : "wy38f8PaBRwAS56a3" }
{ "_id" : "Fzj65mm9HNfkdWzeG", "proId" : "563feda701f64d594be6863f", "userId" : "PfNRFRFEBsHDeR3sD" }
{ "_id" : "G2HsktfdpB3AHyQR8", "proId" : "563feda701f64d594be685ec", "userId" : "LqEoSJFvY6eX4LjXb" }
{ "_id" : "GyQ7ddv6dJJKuP9Zm", "proId" : "563feda701f64d594be6865b", "userId" : "jvJoinY5AkoDx99Bx" }
{ "_id" : "HKrCvfhKZtuJ8NKxE", "proId" : "563feda701f64d594be68400", "userId" : "MrdhB7rqebzm8bqZQ" }
{ "_id" : "HgKvd2gHEgyDpiJfi", "proId" : "563feda701f64d594be68655", "userId" : "yA2SPFhqwai85Tk2h" }
{ "_id" : "Hoek7sNdtuvrkMuB2", "proId" : "563feda701f64d594be68508", "userId" : "FBGzhbgQxAAc6mTZh" }
{ "_id" : "J4zxzE2fkQP8cN7zQ", "proId" : "563feda701f64d594be6868f", "userId" : "wRzqHoCBuLYAiGGyj" }
{ "_id" : "JK9Bp9REumgc86mgj", "proId" : "3tMHp2JJMAo56QcKz", "userId" : "Cu5cuKGqwLv35uNjM" }
{ "_id" : "JPQ9hWKcBT7tCm5jm", "proId" : "563feda701f64d594be68552", "userId" : "Cu5cuKGqwLv35uNjM" }
{ "_id" : "JcDCdiPdfn4EsvDLe", "proId" : "563feda701f64d594be6874b", "userId" : "fPKn6xP3fLvihXgXv" }
{ "_id" : "JvqHAHK4jGdGoP4j5", "proId" : "563feda701f64d594be6861c", "userId" : "zQY7GRvRu6FPZ8Gzf" }
{ "_id" : "K7KwyNKYFKcyjjcSS", "proId" : "563feda701f64d594be6840e", "userId" : "fyQYnvLcHrNgGK3p9" }
{ "_id" : "KAXixm43uPaumPavW", "proId" : "563feda701f64d594be685f9", "userId" : "qu2NLjst6FqERyWXW" }
{ "_id" : "KMHocW9Yg8cpQzFJN", "proId" : "569917ac045a289385383d45", "userId" : "jvJoinY5AkoDx99Bx" }
{ "_id" : "LB9DWRdod2oJPAQfM", "proId" : "563feda701f64d594be68588", "userId" : "Cu5cuKGqwLv35uNjM" }
{ "_id" : "LqvdW22rPEnaR3DXp", "proId" : "569917ac045a289385383d22", "userId" : "jvJoinY5AkoDx99Bx" }
{ "_id" : "MEiQJWw3A5q5oBSDh", "proId" : "563feda701f64d594be68512", "userId" : "FBGzhbgQxAAc6mTZh" }
{ "_id" : "MHWAfsPZjMhzKeEPZ", "proId" : "563feda701f64d594be6863f", "userId" : "ekqQBbRtpY4DxQnDv" }
{ "_id" : "MTQRLqGbJiFs8th2B", "proId" : "563feda701f64d594be686a6", "userId" : "BxumMtt9jB4oQ3a9J" }
{ "_id" : "Mk36AN3EyeenXcPC7", "proId" : "563feda701f64d594be685f5", "userId" : "enN2jJMPYhF4cjDSL" }
{ "_id" : "NGyYsey7twsKcH6Z7", "proId" : "563feda701f64d594be684a3", "userId" : "Mdmg6sqXDsFyAmnJf" }
{ "_id" : "NcTYRWRTXNkTQgbsE", "proId" : "563feda701f64d594be68559", "userId" : "PfNRFRFEBsHDeR3sD" }
{ "_id" : "PNaCCfDHa3ZKjgftx", "proId" : "563feda701f64d594be68597", "userId" : "C8GYcLJn3o7cRMA7W" }
{ "_id" : "PZAD3o4gMeh4QdwH9", "proId" : "563feda701f64d594be684f5", "userId" : "Cu5cuKGqwLv35uNjM" }
{ "_id" : "PaSpkawNnDhTuwrt4", "proId" : "2vFA8Ty78c2x6WdjM", "userId" : "Cu5cuKGqwLv35uNjM" }
{ "_id" : "PpDC8Td7gYaFBjAPL", "proId" : "37eEwAiCHQ3i52Dn7", "userId" : "Cu5cuKGqwLv35uNjM" }
{ "_id" : "QmqDHYbEkY4M34SLT", "proId" : "569917ac045a289385383d48", "userId" : "jvJoinY5AkoDx99Bx" }
{ "_id" : "RTufooxLgCXyy7d77", "proId" : "569917ac045a289385383d59", "userId" : "wy38f8PaBRwAS56a3" }
{ "_id" : "RiGNn7HMjTbm6yfk2", "proId" : "563feda701f64d594be683e6", "userId" : "RMEPakjgo9MLT5mYH" }
{ "_id" : "RmvQ6eYgeyJhpY7LG", "proId" : "563feda701f64d594be686a8", "userId" : "56D8griTLxHDWuzyG" }
{ "_id" : "RsheHDqrsSYwSPhN8", "proId" : "563feda701f64d594be68405", "userId" : "7CvBEqKocfZAqqyKi" }
{ "_id" : "SnxNgh8L9qTEinxv3", "proId" : "563feda701f64d594be68435", "userId" : "ekqQBbRtpY4DxQnDv" }
{ "_id" : "StEtHh6vLABo8v8LS", "proId" : "563feda701f64d594be684f1", "userId" : "7SArBJf8fm8G8BgbH" }
{ "_id" : "T4eDYNJpbW6o23BT3", "proId" : "563feda701f64d594be68602", "userId" : "Wh6jk6myTrPEZEKgw" }
{ "_id" : "TexGKqYofSW67bqRA", "proId" : "4ra85n7ZJESCfRpen", "userId" : "Cu5cuKGqwLv35uNjM" }
{ "_id" : "ThyPkkPPypAQh442R", "proId" : "563feda701f64d594be686a8", "userId" : "BxumMtt9jB4oQ3a9J" }
{ "_id" : "TrRZ7aDyThnntsrgu", "proId" : "563feda701f64d594be68477", "userId" : "Cu5cuKGqwLv35uNjM" }
{ "_id" : "WwH9edaNiRiXrJAnp", "proId" : "563feda701f64d594be68431", "userId" : "r9ZdoffEo22LBGTq9" }
{ "_id" : "X5Lz8vCvaBbAuaM5L", "proId" : "5699177c045a289385383cad", "userId" : "wy38f8PaBRwAS56a3" }
{ "_id" : "XshdcKdxbPfKSpMAT", "proId" : "563feda701f64d594be6863f", "userId" : "eoXychq7SkqrsNMeQ" }
{ "_id" : "Xt9cChpKLvKYQ9ZZB", "proId" : "37eEwAiCHQ3i52Dn7", "userId" : "Cu5cuKGqwLv35uNjM" }
{ "_id" : "XtM6smRPayuJmQ9Ww", "proId" : "569917ac045a289385383d29", "userId" : "jvJoinY5AkoDx99Bx" }
{ "_id" : "XzKY8bFJoM5QbDWM4", "proId" : "563feda701f64d594be68552", "userId" : "ardbZN9y6Awm5mz2D" }
{ "_id" : "Y5PtzeDGuhHPWssyJ", "proId" : "2vFA8Ty78c2x6WdjM", "userId" : "Cu5cuKGqwLv35uNjM" }
{ "_id" : "YXZ5L3D6PAhZgDqTZ", "proId" : "569917ac045a289385383d44", "userId" : "jvJoinY5AkoDx99Bx" }
{ "_id" : "YwQMYZNwpuFzt3tzd", "proId" : "563feda701f64d594be68646", "userId" : "LqEoSJFvY6eX4LjXb" }
{ "_id" : "ZB2vmX7JmBxNbAa3v", "proId" : "563feda701f64d594be6861c", "userId" : "ZxgrcnCxxQDcZAvju" }
{ "_id" : "ZCkwwahQug9Mwit5k", "proId" : "563feda701f64d594be685c7", "userId" : "pwhCE3CxaC2xyMh2G" }
{ "_id" : "ZdSBNn34N5Dog35Kh", "proId" : "563feda701f64d594be68433", "userId" : "hwDFW6qzvhAxtgACC" }
{ "_id" : "ZwFohZ3eNTiiA7Dea", "proId" : "563feda701f64d594be686aa", "userId" : "56D8griTLxHDWuzyG" }
{ "_id" : "aNqmSENcipcZ3PSbq", "proId" : "2vFA8Ty78c2x6WdjM", "userId" : "Cu5cuKGqwLv35uNjM" }
{ "_id" : "aXnCivJ5NaDq2mFec", "proId" : "563feda701f64d594be68688", "userId" : "rW2msngikd9wehtKR" }
{ "_id" : "bDsqdkAAG4dFeCDA5", "proId" : "569701e0eac163dae7c88842", "userId" : "jvJoinY5AkoDx99Bx" }
{ "_id" : "bR4jLNMD93CAvgTJj", "proId" : "563feda701f64d594be686cf", "userId" : "BxumMtt9jB4oQ3a9J" }
{ "_id" : "bnQZzdHjF2SEfuyrR", "proId" : "563feda701f64d594be686a5", "userId" : "56D8griTLxHDWuzyG" }
{ "_id" : "bx8rxvjsNvDeH4FhE", "proId" : "563feda701f64d594be686ad", "userId" : "GaYZwfrW6D4gj7koM" }
{ "_id" : "c6shDDMgNRpCLSNah", "proId" : "563feda701f64d594be68408", "userId" : "7CvBEqKocfZAqqyKi" }
{ "_id" : "crd3SWCT5n4vRwi88", "proId" : "563feda701f64d594be684b9", "userId" : "7SArBJf8fm8G8BgbH" }
{ "_id" : "dEPYGzKMJxdw78MGL", "proId" : "563feda701f64d594be68477", "userId" : "Cu5cuKGqwLv35uNjM" }
{ "_id" : "dTZuYt6PzvDc2ZC4Y", "proId" : "563feda701f64d594be686d1", "userId" : "9vfBFjfMgJE4gE97F" }
{ "_id" : "daHxgEy2CDzmDJfpf", "proId" : "563feda701f64d594be685f5", "userId" : "LqEoSJFvY6eX4LjXb" }
{ "_id" : "dcwNyeQEC8g6Xngi8", "proId" : "4ra85n7ZJESCfRpen", "userId" : "Cu5cuKGqwLv35uNjM" }
{ "_id" : "deqwehs5TjWARgKud", "proId" : "563feda701f64d594be68506", "userId" : "FBGzhbgQxAAc6mTZh" }
{ "_id" : "dghai33J7kGHriyst", "proId" : "2vFA8Ty78c2x6WdjM", "userId" : "Cu5cuKGqwLv35uNjM" }
{ "_id" : "eBJtNdgGE97dCQrNp", "proId" : "563feda701f64d594be685f9", "userId" : "GaYZwfrW6D4gj7koM" }
{ "_id" : "eeZpSPAv3Tx7FNwqZ", "proId" : "5699177c045a289385383cad", "userId" : "jvJoinY5AkoDx99Bx" }
{ "_id" : "fYCxybSoFfYACCk4h", "proId" : "563feda701f64d594be685d6", "userId" : "pwhCE3CxaC2xyMh2G" }
{ "_id" : "gHdkegeEiucyeyccw", "proId" : "563feda701f64d594be683fc", "userId" : "jvJoinY5AkoDx99Bx" }
{ "_id" : "ggdPhykFgYjiA9tPd", "proId" : "5699177c045a289385383cac", "userId" : "B2CMmXWKq9on7jjA8" }
{ "_id" : "gt7LGKrHmNFCJPpWJ", "proId" : "563feda701f64d594be682307", "userId" : "vmoFMc3JDiw4SbjTi" }
{ "_id" : "hHFW6C8gEtxLanqfd", "proId" : "563feda701f64d594be686a7", "userId" : "56D8griTLxHDWuzyG" }
{ "_id" : "hcBdmgf9iPAMzHgoj", "proId" : "563feda701f64d594be684a3", "userId" : "ardbZN9y6Awm5mz2D" }
{ "_id" : "hpAWY5SY2cd5uahqA", "proId" : "563feda701f64d594be68686", "userId" : "BxumMtt9jB4oQ3a9J" }
{ "_id" : "hvRNF85kz7v3Sa2uv", "proId" : "563feda701f64d594be685f9", "userId" : "ekqQBbRtpY4DxQnDv" }
{ "_id" : "hyN3BqZ3tfuLxQMHS", "proId" : "563feda701f64d594be6868f", "userId" : "rwwzcxdphoyjKPe6w" }
{ "_id" : "i8QMoJueaejNoojiH", "proId" : "569917ac045a289385383d0c", "userId" : "jvJoinY5AkoDx99Bx" }
{ "_id" : "irx5iegtEfLgMDEfy", "proId" : "563feda701f64d594be68437", "userId" : "ekqQBbRtpY4DxQnDv" }
{ "_id" : "kAGp5n37He9ixFxEg", "proId" : "563feda701f64d594be686ed", "userId" : "fegYxC3eSKyF6rAMg" }
{ "_id" : "kEQGtbxyGkhvTpWJs", "proId" : "3tMHp2JJMAo56QcKz", "userId" : "Cu5cuKGqwLv35uNjM" }
{ "_id" : "m9dCPDjJPy4qzdrbP", "proId" : "563feda701f64d594be6868f", "userId" : "GaYZwfrW6D4gj7koM" }
{ "_id" : "mQLdfdPb2H5mgyMhh", "proId" : "37eEwAiCHQ3i52Dn7", "userId" : "Cu5cuKGqwLv35uNjM" }
{ "_id" : "mRGkcA5Yt9nLvpdbp", "proId" : "563feda701f64d594be686ac", "userId" : "56D8griTLxHDWuzyG" }
{ "_id" : "micRp8xJhRKY582X4", "proId" : "563feda701f64d594be6862f", "userId" : "7SArBJf8fm8G8BgbH" }
{ "_id" : "mrA48aoTJMaGf76vP", "proId" : "563feda701f64d594be68477", "userId" : "PfNRFRFEBsHDeR3sD" }
{ "_id" : "nY6xnXxKFfKBb4XmH", "proId" : "563feda701f64d594be685d6", "userId" : "jvJoinY5AkoDx99Bx" }
{ "_id" : "nafEufEms9GePmfi2", "proId" : "563feda701f64d594be685b7", "userId" : "7dKrT2SBTt9HWmHQv" }
{ "_id" : "nu7bNHeDch9DzKTju", "proId" : "563feda701f64d594be686d0", "userId" : "BxumMtt9jB4oQ3a9J" }
{ "_id" : "o7yCTzNoqSoxvPbCw", "proId" : "563feda701f64d594be6865d", "userId" : "hwDFW6qzvhAxtgACC" }
{ "_id" : "oDeaexJSActrdBygH", "proId" : "563feda701f64d594be684a3", "userId" : "Cu5cuKGqwLv35uNjM" }
{ "_id" : "oKDuPDTbzf7Ynz4m9", "proId" : "563feda701f64d594be68688", "userId" : "9boHeMm45gzM2Bgwg" }
{ "_id" : "oajtmnx4cjW7HEGrZ", "proId" : "563feda701f64d594be68477", "userId" : "Cu5cuKGqwLv35uNjM" }
{ "_id" : "pDgbrvz9eT6QvAJZm", "proId" : "563feda701f64d594be686eb", "userId" : "fyQYnvLcHrNgGK3p9" }
{ "_id" : "pEq9Xukxtkqe4jhMH", "proId" : "563feda701f64d594be686ac", "userId" : "BxumMtt9jB4oQ3a9J" }
{ "_id" : "pwA8uczFA55zNprF2", "proId" : "563feda701f64d594be68404", "userId" : "7CvBEqKocfZAqqyKi" }
{ "_id" : "qvi7cuxByXpEin3PE", "proId" : "563feda701f64d594be685b7", "userId" : "8g6mx8ZNdktQdrTeR" }
{ "_id" : "rmPNbmPvswrqsSxkZ", "proId" : "563feda701f64d594be686a9", "userId" : "56D8griTLxHDWuzyG" }
{ "_id" : "sdqs8bLnRv7LkTbvu", "proId" : "56a78476c1a83a0bf7290022", "userId" : "B2CMmXWKq9on7jjA8" }
{ "_id" : "sqsADpcFn2zRzsAqz", "proId" : "563feda701f64d594be686a5", "userId" : "BxumMtt9jB4oQ3a9J" }
{ "_id" : "ssF7vLW9AFFqmqa9s", "proId" : "563feda701f64d594be6865c", "userId" : "jvJoinY5AkoDx99Bx" }
{ "_id" : "tBJpGbrphzQgbCmHu", "proId" : "563feda701f64d594be6840f", "userId" : "xsan64fsXjESaftNG" }
{ "_id" : "tSEJt4vQZouwtjuy4", "proId" : "563feda701f64d594be683fe", "userId" : "jvJoinY5AkoDx99Bx" }
{ "_id" : "tiNydyBW3SFgTQtjY", "proId" : "563feda701f64d594be68571", "userId" : "BfXRwttnJEiSFwtYp" }
{ "_id" : "u2gTuPiHNGLW3XxPv", "proId" : "563feda701f64d594be68436", "userId" : "ekqQBbRtpY4DxQnDv" }
{ "_id" : "u7j7ypAebPj9WQK4R", "proId" : "563feda701f64d594be686ab", "userId" : "BxumMtt9jB4oQ3a9J" }
{ "_id" : "uk2tHDpsFpJnDdtJS", "proId" : "563feda701f64d594be6859b", "userId" : "8g6mx8ZNdktQdrTeR" }
{ "_id" : "uoqMPQAqY2WQbGRrG", "proId" : "563feda701f64d594be68439", "userId" : "ekqQBbRtpY4DxQnDv" }
{ "_id" : "urXPZLdFBfkFSczfd", "proId" : "563feda701f64d594be685ec", "userId" : "enN2jJMPYhF4cjDSL" }
{ "_id" : "vJvApPyXAofnjheQ5", "proId" : "563feda701f64d594be683fb", "userId" : "jvJoinY5AkoDx99Bx" }
{ "_id" : "vPmTMPiYiQWHXfPcF", "proId" : "563feda701f64d594be68449", "userId" : "7SArBJf8fm8G8BgbH" }
{ "_id" : "vbmH4vwfTDMQKgn4p", "proId" : "563feda701f64d594be685f9", "userId" : "nu22Jrob4tr9dBj6c" }
{ "_id" : "vdwWN3BfjEc7zu5wW", "proId" : "5699177c045a289385383cad", "userId" : "B2CMmXWKq9on7jjA8" }
{ "_id" : "wEKJ6boQ5Co8K6mRK", "proId" : "5699177c045a289385383caa", "userId" : "B2CMmXWKq9on7jjA8" }
{ "_id" : "ww6YSE3gxaSTDLams", "proId" : "563feda701f64d594be686ec", "userId" : "9vfBFjfMgJE4gE97F" }
{ "_id" : "wzdTfPG5GR8eZc3aY", "proId" : "569917ac045a289385383d59", "userId" : "B2CMmXWKq9on7jjA8" }
{ "_id" : "xw39jTcoiYBfPq6Js", "proId" : "3tMHp2JJMAo56QcKz", "userId" : "Cu5cuKGqwLv35uNjM" }
{ "_id" : "z7tqc7dA4e6LJMce7", "proId" : "563feda701f64d594be684f3", "userId" : "7SArBJf8fm8G8BgbH" }
{ "_id" : "zJmWFGivC5g9JYLAq", "proId" : "563feda701f64d594be683eb", "userId" : "Cu5cuKGqwLv35uNjM" }
{ "_id" : "zfHY3SSEJCC7hTDkS", "proId" : "563feda701f64d594be68559", "userId" : "Cu5cuKGqwLv35uNjM" }
{ "_id" : "zistoW8aoCFBddxwM", "proId" : "563feda701f64d594be6861c", "userId" : "C8GYcLJn3o7cRMA7W" }
{ "_id" : "zoh3cSDcv4bwu3tF7", "proId" : "563feda701f64d594be684f5", "userId" : "GaYZwfrW6D4gj7koM" }
