{ "_id" : "Ej8HtnmAhY2FuTuzz", "question" : "Are you french?", "parent" : "8k3ZmjwKBF3jxPzst", "category" : "hWtLKnf6QurA6TQtk", "answers" : [ { "id" : "zTEgL68DFhDokqdbQ", "text" : "Yes", "tag" : "french" }, { "id" : "GcXckeGFD538fXSfk", "text" : "no", "tag" : "european" } ] }
{ "_id" : "WK5Te5pNx2EZWxuZY", "question" : "What is your color?", "parent" : "0", "category" : "hWtLKnf6QurA6TQtk", "answers" : [ { "id" : "xy7xJkKnRndB4z7ai", "text" : "Black", "tag" : "Lisse" }, { "id" : "8k3ZmjwKBF3jxPzst", "text" : "White", "tag" : "white" } ] }
{ "_id" : "g2eNBSRrJtWgkLQgJ", "question" : "What is the color of your hair?", "parent" : "xy7xJkKnRndB4z7ai", "category" : "hWtLKnf6QurA6TQtk", "answers" : [ { "id" : "GFaMKvjk2FT68FdWk", "text" : "Black", "tag" : "black" }, { "id" : "vEyokaiQsEkgx4Qws", "text" : "Red", "tag" : "Old" } ] }
