{ "_id" : "561f0937cd3947a79d88ee06", "question" : "Are you looking for an immediate ‘lift ’ effect?", "answers" : [ { "id" : "561f0937cd3947a79d88ee01", "text" : "INSTANT FACE LIFT", "title" : "PACK “INSTANT FACE LIFT”", "description" : "Essential first step: apply a daytime moisturizer. ∙ Then smooth Instant Smooth Line Correcting Concentrate “Instant Face Lift” - Then, select a foundation based on its skin care over Super Restorative Total Eye Are you looking for an immediate ‘lift’ effect? Concentrate. Your eye area looks ‘lifted’ and instantly benefi ts and the level", "products" : [ "JRTrfQ5S4jkG23upk", "nT3km7TTaam5HBEJB" ] }, { "id" : "561f0937cd3947a79d88ee02", "text" : "5-SECOND EYE LIFT", "title" : "PACK “5-SECOND EYE LIFT”", "description" : "Essential first step: apply a daytime moisturizer. ∙ Then smooth Instant Smooth Line Correcting Concentrate “Instant Face Lift” - Then, select a foundation based on its skin care over Super Restorative Total Eye Are you looking for an immediate ‘lift’ effect? Concentrate. Your eye area looks ‘lifted’ and instantly benefi ts and the level", "products" : [ "TjMeoria6Kp6w9qEZ", "ksLLTL9xzHXXBEisy" ] }, { "id" : "561f0937cd3947a79d88ee03", "text" : "INSTANT RADIANCE PLUS", "title" : "PACK “INSTANT RADIANCE PLUS”", "description" : "Essential first step: apply a daytime moisturizer. ∙ Then smooth Instant Smooth Line Correcting Concentrate “Instant Face Lift” - Then, select a foundation based on its skin care over Super Restorative Total Eye Are you looking for an immediate ‘lift’ effect? Concentrate. Your eye area looks ‘lifted’ and instantly benefi ts and the level", "products" : [ "TA9fif4EfsW2Rwcgs", "DRHk8RAtyhSBFGjxY", "ggHwZrrrXvbHj6WF8" ] } ] }
