{ "_id" : "2FbozihQ8uYFcx4LD", "userid" : "Cu5cuKGqwLv35uNjM", "orderId" : "7gcyGuBz9xmPNHXjt", "total" : 3554000, "items" : [ { "id_product" : "563feda701f64d594be683ec", "qty" : "3", "shop" : "فروشگاه سفیر شیراز", "attribute" : "", "subtotal:" : 3510000, "order_status" : 1 }, { "id_product" : "56ab123696fe95df3ebbb5d1", "qty" : "4", "shop" : "فروشگاه سفیر گلستان", "attribute" : "", "subtotal:" : 44000, "order_status" : 1 } ], "address" : "15 rue des chat" }
{ "_id" : "2oS8FeuJ5YMKy64pR", "userid" : "Cu5cuKGqwLv35uNjM", "orderId" : "7RgLswR4RT6yob73B", "total" : 459000, "items" : [ { "id_product" : "563feda701f64d594be68499", "qty" : "1", "attribute" : "563f758501f64d594be6823a", "subtotal" : 459000, "order_status" : 1 } ], "time" : 1457142083956 }
{ "_id" : "3g8ucJ9ueoy5hv3kJ", "userid" : "Cu5cuKGqwLv35uNjM", "orderId" : "dHPvpC4AC2pPTTTRc", "total" : 92000, "items" : [ { "id_product" : "563feda701f64d594be682307", "qty" : "1", "attribute" : "", "subtotal" : 92000, "order_status" : 1 } ], "time" : 1456970660026 }
{ "_id" : "3vqn26B86NGYSX5KJ", "address" : [ "" ], "items" : [ { "id_product" : "563feda701f64d594be6873a", "qty" : 2, "attribute" : "", "subtotal" : 296000, "order_status" : 1 } ], "orderId" : "sz6jmfmHD8q2onkNE", "time" : 1457125552134, "total" : 296000, "userid" : "pMTYHRz2hqNcLiHRR" }
{ "_id" : "4aoLHEYEa2q7op3de", "address" : [ "I am djib hehe ok?" ], "items" : [ { "id_product" : "563feda701f64d594be682307", "qty" : "1", "attribute" : "", "subtotal" : 92000, "order_status" : 1 } ], "orderId" : "7TCb2PatEMbsNRhsL", "time" : 1457148304535, "total" : 92000, "userid" : "Cu5cuKGqwLv35uNjM" }
{ "_id" : "5La9pdHzq3RyhbrRf", "userid" : null, "orderId" : "qMJs7apsD4B4dchew", "total" : 1500000, "items" : [ { "id_product" : "563feda701f64d594be686bc", "qty" : "1", "attribute" : "", "subtotal" : 1500000, "order_status" : 1 } ] }
{ "_id" : "6dD5LT4eb2zQBHjn9", "userid" : null, "orderId" : "gvro5TMXJunaDdrAr", "total" : NaN, "items" : [ { "id_product" : "563feda701f64d594be685f9", "qty" : "1", "attribute" : "", "subtotal" : NaN, "order_status" : 1 } ], "time" : 1457601028550 }
{ "_id" : "8PJwBvp8z2hkRKvKD", "userid" : null, "orderId" : "ghp9YWKeoWatpgEX7", "total" : NaN, "items" : [ { "id_product" : "563feda701f64d594be6861c", "qty" : "1", "attribute" : "", "subtotal" : NaN, "order_status" : 1 } ], "time" : 1456985849700 }
{ "_id" : "9wLCMuXbZ9XuzimiE", "userid" : null, "orderId" : "7tKnBrqQmaNGdg7bx", "total" : NaN, "items" : [ { "id_product" : "563feda701f64d594be68621", "qty" : "1", "attribute" : "", "subtotal" : NaN, "order_status" : 1 } ], "time" : 1456729981647 }
{ "_id" : "BGT58ScMJ6sdFh9nP", "userid" : "Cu5cuKGqwLv35uNjM", "orderId" : "ffuGW4KW96jRD2eyT", "total" : 29500000, "items" : [ { "id_product" : "563feda701f64d594be683e6", "qty" : "5", "shop" : "ZXdagRfDCKikAic9k", "attribute" : "", "subtotal:" : 29500000, "order_status" : 1 } ], "address" : "PAPA HOUSE" }
{ "_id" : "CawdCHnx3uqtQREo3", "userid" : "Cu5cuKGqwLv35uNjM", "orderId" : "jeF6yduL49PBbuybe", "total" : 3078000, "items" : [ { "id_product" : "563feda701f64d594be6863f", "qty" : "1", "attribute" : "", "subtotal" : 1026000, "order_status" : 1 }, { "id_product" : "563feda701f64d594be68645", "qty" : "2", "attribute" : "", "subtotal" : 2052000, "order_status" : 1 } ], "time" : 1457245886301 }
{ "_id" : "DGgyBuAFB3iAMn9fn", "address" : [ "I am djib hehe" ], "delivery" : "fast", "items" : [ { "id_product" : "563feda701f64d594be68413", "qty" : "1", "attribute" : "", "subtotal" : 63000, "order_status" : 1 } ], "orderId" : "kB8QmTQh4arWqk4pg", "status" : "new", "time" : 1456982461052, "total" : 63000, "userid" : "Cu5cuKGqwLv35uNjM" }
{ "_id" : "GyY8TLaNfRDw2uFGC", "address" : [ "I am djib hehe" ], "delivery" : "fast", "items" : [ { "id_product" : "563feda701f64d594be68400", "qty" : "1", "attribute" : "", "subtotal" : 116000, "order_status" : 1 } ], "orderId" : "5Mf7viBbwvY4aeXcF", "status" : "new", "time" : 1456820029780, "total" : 116000, "userid" : "Cu5cuKGqwLv35uNjM" }
{ "_id" : "HAHa8EEWwufesudL2", "address" : [ "I am djib hehe" ], "items" : [ { "id_product" : "563feda701f64d594be68730", "qty" : "13", "attribute" : "", "subtotal" : 6435000, "order_status" : 1 } ], "orderId" : "ggB6JbPEnZ9CALnwt", "time" : 1456905130438, "total" : 6435000, "userid" : "Cu5cuKGqwLv35uNjM" }
{ "_id" : "HoSmqwRyWnxHpMybx", "address" : [ "\n\n\t\t\t\t\t\t\t\t\t\t\t" ], "delivery" : "fast", "items" : [ { "id_product" : "563feda701f64d594be6847a", "qty" : "1", "attribute" : "", "subtotal" : 797000, "order_status" : 1 } ], "orderId" : "G2FSudg9aTDp6WuW7", "status" : "new", "time" : 1456974397372, "total" : 797000, "userid" : "Cu5cuKGqwLv35uNjM" }
{ "_id" : "HzP6YjhvZyqNdtkhB", "userid" : "r2m4LHuc5GCbNQ8Yq", "orderId" : "Bd9Qwg7YDtGco88FP", "total" : 105000, "items" : [ { "id_product" : "563feda701f64d594be68405", "qty" : "1", "attribute" : "", "subtotal" : 105000, "order_status" : 1 } ], "time" : 1457888937404, "address" : [ "\n\n\t\t\t\t\t\t\t\t\t\t\t" ], "delivery" : "fast", "status" : "new" }
{ "_id" : "J93TGBDN8PMrvyzTn", "userid" : "Cu5cuKGqwLv35uNjM", "orderId" : "pyvyThTsQ5Bf5pzib", "total" : 383000, "items" : [ { "id_product" : "563feda701f64d594be6863f", "qty" : "1", "attribute" : "", "subtotal" : 383000, "order_status" : 1 } ], "time" : 1457237300054, "address" : [ "I am djib hehe ok?jj" ] }
{ "_id" : "JLhvjPqppS8w7jKKQ", "userid" : null, "orderId" : "ztS5Sjaz6NTHdEZhH", "total" : 2, "items" : [ { "id_product" : "563feda701f64d594be686bc", "qty" : "2", "attribute" : "", "subtotal" : 2, "order_status" : 1 } ], "time" : 1457076082434 }
{ "_id" : "K8r9ugvbQ8DsyKvHW", "userid" : null, "orderId" : "jvd4Z94TLNva2kXar", "total" : 5180000, "items" : [ { "id_product" : "563feda701f64d594be685f9", "qty" : "1", "attribute" : "", "subtotal" : 2680000, "order_status" : 1 }, { "id_product" : "563feda701f64d594be68607", "qty" : "1", "attribute" : "", "subtotal" : 2500000, "order_status" : 1 } ] }
{ "_id" : "MSPaXagnZPs47gCmy", "userid" : "Cu5cuKGqwLv35uNjM", "orderId" : "ksThgxJerL7desYhc", "total" : 3554000, "items" : [ { "id_product" : "563feda701f64d594be683ec", "qty" : "3", "shop" : "فروشگاه سفیر شیراز", "attribute" : "", "subtotal:" : 3510000, "order_status" : 1 }, { "id_product" : "56ab123696fe95df3ebbb5d1", "qty" : "4", "shop" : "فروشگاه سفیر گلستان", "attribute" : "", "subtotal:" : 44000, "order_status" : 1 } ], "address" : "ssss" }
{ "_id" : "MXSWCZtdfAzJEqeFZ", "address" : [ "I am djib hehe" ], "delivery" : "fast", "items" : [ { "id_product" : "y97yMgjNykzxnN3of", "qty" : "1", "attribute" : "", "subtotal" : 120000, "order_status" : 1 }, { "id_product" : "563feda701f64d594be683e6", "qty" : "1", "attribute" : "", "subtotal" : 590000, "order_status" : 1 } ], "orderId" : "r7MehjsAkmyeiLxcp", "status" : "new", "time" : 1456665223553, "total" : 710000, "userid" : "Cu5cuKGqwLv35uNjM" }
{ "_id" : "NgC2uQwKAfriLPCRs", "userid" : null, "orderId" : "3PEa4exiyAHPea9pL", "total" : 423000, "items" : [ { "id_product" : "563feda701f64d594be68645", "qty" : "1", "attribute" : "", "subtotal" : 423000, "order_status" : 1 } ], "time" : 1456734086913 }
{ "_id" : "Psr2W7WRFSwKqyXQb", "userid" : null, "orderId" : "bJ7LCaKLwWNiXsHXD", "total" : -1, "items" : [ { "id_product" : "563feda701f64d594be686e3", "qty" : "1", "attribute" : "563f730601f64d594be67d0b", "subtotal" : -1, "order_status" : 1 } ], "time" : 1456815607204 }
{ "_id" : "QWYt6sMsYMz7YCnYf", "userid" : null, "orderId" : "XPgzjDp9JWKNb3g5g", "total" : 94000, "items" : [ { "id_product" : "563feda701f64d594be6873c", "qty" : "2", "attribute" : "", "subtotal" : 94000, "order_status" : 1 } ], "time" : 1456895170333 }
{ "_id" : "Qy8umtKRexd2Qj2uB", "userid" : null, "orderId" : "cJJGpSgFGd77juQES", "total" : 148000, "items" : [ { "id_product" : "563feda701f64d594be6873a", "qty" : "1", "attribute" : "", "subtotal" : 148000, "order_status" : 1 } ], "time" : 1457125135437 }
{ "_id" : "SnYHNtG884zG6evog", "address" : [ "I am djib hehe" ], "delivery" : "fast", "items" : [ { "id_product" : "563feda701f64d594be686a8", "qty" : "1", "attribute" : "", "subtotal" : 3, "order_status" : 1 } ], "orderId" : "CTrSYyKWeECNtwd7v", "status" : "new", "time" : 1456911030358, "total" : 3, "userid" : "Cu5cuKGqwLv35uNjM" }
{ "_id" : "ZKbuF9LRzKjsGRDvt", "userid" : "Cu5cuKGqwLv35uNjM", "orderId" : "AShvfWCWvCrxubnCd", "total" : 6070000, "items" : [ { "id_product" : "563feda701f64d594be6860a", "qty" : "1", "shop" : "فروشگاه سفیر آپادانا", "attribute" : "", "subtotal:" : 2990000, "order_status" : 1 }, { "id_product" : "563feda701f64d594be684bc", "qty" : "1", "shop" : "فروشگاه سفیر تبریز", "attribute" : "", "subtotal:" : 3080000, "order_status" : 1 } ] }
{ "_id" : "ZkSJrXiMsisH4kTvu", "delivery" : "normal", "items" : [ { "id_product" : "563feda701f64d594be686bc", "qty" : "1", "attribute" : "", "subtotal" : 1500000, "order_status" : 1 } ], "orderId" : "9cck4S3gtNNZA6qWr", "status" : "new", "time" : 1456278973454, "total" : 1500000, "userid" : "Cu5cuKGqwLv35uNjM" }
{ "_id" : "bM4Z5aSjYpgquSKQN", "address" : [ "I am djib hehe" ], "delivery" : "fast", "items" : [ { "id_product" : "563feda701f64d594be6873c", "qty" : "2", "attribute" : "", "subtotal" : 94000, "order_status" : 1 } ], "orderId" : "vLysuSpu5T5x9WGPR", "status" : "new", "time" : 1456897898354, "total" : 94000, "userid" : "Cu5cuKGqwLv35uNjM" }
{ "_id" : "bqhYqRGp6qYkxZ3sR", "userid" : "GaYZwfrW6D4gj7koM", "orderId" : "q4cqZBupyQ4o97cba", "total" : 854000, "items" : [ { "id_product" : "563feda701f64d594be68559", "qty" : 2, "attribute" : "", "subtotal" : 854000, "order_status" : 1 } ], "time" : 1456809549867 }
{ "_id" : "cXtWYrsqpQ4tEE3Dk", "userid" : "Cu5cuKGqwLv35uNjM", "orderId" : "LxiCfh4aYtsuNg24s", "total" : 17700000, "items" : [ { "id_product" : "563feda701f64d594be683e6", "qty" : "3", "shop" : "ZXdagRfDCKikAic9k", "attribute" : "", "subtotal:" : 17700000, "order_status" : 1 } ], "address" : "A" }
{ "_id" : "dWoNvxdbDqDK93wL9", "userid" : null, "orderId" : "dsrBZ2hZ5vi4gwNQY", "total" : 1, "items" : [ { "id_product" : "569701e0eac163dae7c8886e", "qty" : "1", "attribute" : "", "subtotal" : 1, "order_status" : 1 } ], "time" : 1456907013474 }
{ "_id" : "e4Csk76KEkDHnoPG3", "userid" : null, "orderId" : "jR6Za6uHamew3PKmq", "total" : 4, "items" : [ { "id_product" : "569701e0eac163dae7c8886e", "qty" : 4, "attribute" : "", "subtotal" : 4, "order_status" : 1 } ], "time" : 1456912154648 }
{ "_id" : "fJFwkDtBT6jCaptcb", "userid" : null, "orderId" : "nNeEPxyNF83nthkD6", "total" : 60000, "items" : [ { "id_product" : "563feda701f64d594be684f5", "qty" : "1", "attribute" : "", "subtotal" : 60000, "order_status" : 1 } ], "time" : 1457505611612 }
{ "_id" : "gZL8J5xMCrny6Asmm", "userid" : null, "orderId" : "dHQ8AtqS4fACL7f47", "total" : 110000, "items" : [ { "id_product" : "563feda701f64d594be68655", "qty" : "1", "attribute" : "", "subtotal" : 110000, "order_status" : 1 } ], "time" : 1457702974247 }
{ "_id" : "hbWiAY7g6YXAQWkye", "delivery" : "fast", "items" : [ { "id_product" : "563feda701f64d594be68688", "qty" : "1", "attribute" : "", "subtotal" : 3590000, "order_status" : 1 } ], "orderId" : "zZXwjJKPjGoJ3eHga", "status" : "new", "time" : 1456278019547, "total" : 3590000, "userid" : "Cu5cuKGqwLv35uNjM" }
{ "_id" : "iEDj9wGLsimd2LuJ3", "delivery" : "fast", "items" : [ { "id_product" : "563feda701f64d594be6852c", "qty" : "5", "attribute" : "", "subtotal" : 14600000, "order_status" : 1 } ], "orderId" : "hqYGnb5TSh374oFXr", "status" : "new", "time" : 1456278376406, "total" : 14600000, "userid" : "Cu5cuKGqwLv35uNjM" }
{ "_id" : "ikbnNTsgCMA5CWTjE", "userid" : "Cu5cuKGqwLv35uNjM", "orderId" : "Kjobm67QPgBcsA6RZ", "total" : 1026000, "items" : [ { "id_product" : "563feda701f64d594be6863f", "qty" : "1", "attribute" : "", "subtotal" : 1026000, "order_status" : 1 } ], "time" : 1457245818685 }
{ "_id" : "jqwxRacWshNkESdzp", "address" : [ "I am djib hehe" ], "delivery" : "fast", "items" : [ { "id_product" : "563feda701f64d594be685b6", "qty" : "1", "attribute" : "", "subtotal" : 177000, "order_status" : 1 } ], "orderId" : "Nes7bEAgp7WfJNMvN", "status" : "new", "time" : 1456798174339, "total" : 177000, "userid" : "Cu5cuKGqwLv35uNjM" }
{ "_id" : "nfaMZxneDvRBcLP7N", "userid" : null, "orderId" : "vmFBpS2uTwPirdvHG", "total" : 110000, "items" : [ { "id_product" : "563feda701f64d594be68655", "qty" : "1", "attribute" : "", "subtotal" : 110000, "order_status" : 1 } ], "time" : 1457703033869 }
{ "_id" : "nvmJpu5xtKHJ3jbxY", "userid" : null, "orderId" : "WStyXofeCGesbxMBG", "total" : 2190000, "items" : [ { "id_product" : "563feda701f64d594be68506", "qty" : "1", "attribute" : "", "subtotal" : 2190000, "order_status" : 1 } ], "time" : 1458068067204 }
{ "_id" : "oEPi5xhum4yHmcfuR", "userid" : null, "orderId" : "bLKtypwR7foCDMrPN", "total" : 123000, "items" : [ { "id_product" : "563feda701f64d594be68552", "qty" : "1", "attribute" : "", "subtotal" : 123000, "order_status" : 1 } ], "time" : 1457026121959 }
{ "_id" : "q54j8B5ckSLj4kyvm", "userid" : "Cu5cuKGqwLv35uNjM", "orderId" : "uJdZZnzWPFwtM3zm6", "total" : -1, "items" : [ { "id_product" : "563feda701f64d594be686e7", "qty" : "1", "attribute" : "563f758501f64d594be6837a", "subtotal" : -1, "order_status" : 1 }, { "id_product" : "56a9d5294ef3d97cfaffc155", "qty" : "1", "attribute" : "", "subtotal" : 0, "order_status" : 1 } ], "time" : 1457062018882 }
{ "_id" : "qmHfhzQJRum2idqAx", "address" : [ "I am djib hehe" ], "delivery" : "fast", "items" : [ { "id_product" : "563feda701f64d594be683e8", "qty" : "1", "attribute" : "", "subtotal" : 650000, "order_status" : 1 } ], "orderId" : "yLZnjKyJ8fqH5cWmD", "status" : "new", "time" : 1456655826088, "total" : 650000, "userid" : "Cu5cuKGqwLv35uNjM" }
{ "_id" : "rMWwiiateKw9ptoq4", "address" : [ "I am djib hehe" ], "delivery" : "normal", "items" : [ { "id_product" : "563feda701f64d594be6858a", "qty" : "2", "attribute" : "", "subtotal" : 826000, "order_status" : 1 } ], "orderId" : "Nivfb2ry9FAYhKSzK", "status" : "new", "time" : 1456808484619, "total" : 826000, "userid" : "Cu5cuKGqwLv35uNjM" }
{ "_id" : "rZbZStpdwAcAEbJZe", "userid" : "p2pDG7PkcPRxRsAgp", "orderId" : "BK92B6ZR2e8E93yxo", "total" : 110000, "items" : [ { "id_product" : "563feda701f64d594be68655", "qty" : "1", "attribute" : "", "subtotal" : 110000, "order_status" : 1 } ], "time" : 1457715808405, "address" : [ "چالوس کلار اباد جنب kfc فروشگاه skechers" ], "delivery" : "fast", "status" : "new" }
{ "_id" : "sH5Yw6DQftS48mayn", "delivery" : "fast", "items" : [ { "id_product" : "563feda701f64d594be68559", "qty" : "1", "attribute" : "", "subtotal" : 4270000, "order_status" : 1 } ], "orderId" : "Qm53babtmNBwvDdGB", "status" : "new", "time" : 1456278513376, "total" : 4270000, "userid" : "Cu5cuKGqwLv35uNjM" }
{ "_id" : "sLpFpWFFdePkFFFAM", "userid" : null, "orderId" : "oucsaR54wxHQfTGMy", "total" : 82000, "items" : [ { "id_product" : "563feda701f64d594be685b7", "qty" : "4", "attribute" : "", "subtotal" : 82000, "order_status" : 1 } ], "time" : 1457490089269 }
{ "_id" : "t976zqDAFwmpNnS8Z", "userid" : null, "orderId" : "4K2sWWhGewY8p7NDm", "total" : 2850000, "items" : [ { "id_product" : "563feda701f64d594be68458", "qty" : "1", "attribute" : "", "subtotal" : 2850000, "order_status" : 1 } ], "time" : 1457771894584 }
{ "_id" : "tTs6qyWKk6Tvpdfdo", "userid" : "Cu5cuKGqwLv35uNjM", "orderId" : "Z9wgJdNX4wmitTWSL", "total" : 3554000, "items" : [ { "id_product" : "563feda701f64d594be683ec", "qty" : "3", "shop" : "فروشگاه سفیر شیراز", "attribute" : "", "subtotal:" : 3510000, "order_status" : 1 }, { "id_product" : "56ab123696fe95df3ebbb5d1", "qty" : "4", "shop" : "فروشگاه سفیر گلستان", "attribute" : "", "subtotal:" : 44000, "order_status" : 1 } ], "address" : "I am djib", "delivery" : "fast" }
{ "_id" : "tXM44pQEp5rwShrFi", "userid" : null, "orderId" : "TzpJeLBv4nEWJ7qM6", "total" : 4270000, "items" : [ { "id_product" : "563feda701f64d594be68559", "qty" : "1", "attribute" : "", "subtotal" : 4270000, "order_status" : 1 } ] }
{ "_id" : "tjLhbDZRcgzTwMnYS", "address" : [ "I am djib hehe ok?" ], "items" : [ { "id_product" : "563feda701f64d594be682307", "qty" : "1", "attribute" : "ixL772yXgFseX9gPN", "subtotal" : 92000, "order_status" : 1 }, { "id_product" : "563feda701f64d594be685bb", "qty" : "4", "attribute" : "", "subtotal" : NaN, "order_status" : 1 } ], "orderId" : "4cAXSME6cjw94GME4", "time" : 1457161940092, "total" : NaN, "userid" : "Cu5cuKGqwLv35uNjM" }
{ "_id" : "uF48YiDZBLNFTFek6", "address" : [ "\n\n\t\t\t\t\t\t\t#13, Phnom penh\t\t\t\t" ], "items" : [ { "id_product" : "563feda701f64d594be68645", "qty" : "1", "attribute" : "", "subtotal" : 423000, "order_status" : 1 } ], "orderId" : "tNpNnELPb7pBZ9Ymc", "time" : 1456994814030, "total" : 423000, "userid" : "nmWCwP5wnGPqXHiHR" }
{ "_id" : "uHvNLCFJYhzdtPbZ4", "userid" : "Cu5cuKGqwLv35uNjM", "orderId" : "sAGkrYSKpiQ5FsnkC", "total" : 1140999, "items" : [ { "id_product" : "563feda701f64d594be68688", "qty" : "1", "attribute" : "", "subtotal" : 359000, "order_status" : 1 }, { "id_product" : "563feda701f64d594be686e7", "qty" : "1", "attribute" : "563f758501f64d594be6837a", "subtotal" : -1, "order_status" : 1 }, { "id_product" : "563feda701f64d594be68645", "qty" : "1", "attribute" : "", "subtotal" : 423000, "order_status" : 1 }, { "id_product" : "563feda701f64d594be68688", "qty" : "1", "attribute" : "", "subtotal" : 359000, "order_status" : 1 } ], "time" : 1456957895628 }
{ "_id" : "w3vAewjyrWawGL5rv", "userid" : null, "orderId" : "zXMtWpFka6Gv5kPgL", "total" : 110000, "items" : [ { "id_product" : "563feda701f64d594be68655", "qty" : "1", "attribute" : "", "subtotal" : 110000, "order_status" : 1 } ], "time" : 1457702864624 }
{ "_id" : "wi7c3v4cyawx8HXaN", "userid" : "Cu5cuKGqwLv35uNjM", "orderId" : "xhTGGkGgs84W9D3vp", "total" : 1, "items" : [ { "id_product" : "569917e2045a289385383d93", "qty" : "1", "attribute" : "", "subtotal" : 1, "order_status" : 1 } ], "time" : 1456966318744 }
{ "_id" : "wsL9onoRjGzJ2zruw", "userid" : null, "orderId" : "9uy8ADFT8hsrgeTk7", "total" : 383000, "items" : [ { "id_product" : "563feda701f64d594be6863f", "qty" : "1", "attribute" : "", "subtotal" : 383000, "order_status" : 1 } ], "time" : 1457108156806 }
{ "_id" : "x2wHGmyhtTmB5zQYJ", "address" : "I am djib", "delivery" : "fast", "items" : [ { "id_product" : "56ab123696fe95df3ebbb5c8", "qty" : "4", "shop" : "فروشگاه سفیر شیراز", "attribute" : "", "subtotal:" : 44000, "order_status" : 1 }, { "id_product" : "56ab123696fe95df3ebbb652", "qty" : "5", "shop" : "فروشگاه سفیر رشت", "attribute" : "", "subtotal:" : 55000, "order_status" : 1 } ], "orderId" : "LqWo4gG5Tqn8mDtyN", "status" : "sent", "total" : 99000, "userid" : "Cu5cuKGqwLv35uNjM" }
{ "_id" : "yL7zCrCt5xFpyjEa8", "delivery" : "fast", "items" : [ { "id_product" : "563feda701f64d594be685f9", "qty" : "1", "attribute" : "", "subtotal" : 2680000, "order_status" : 1 }, { "id_product" : "563feda701f64d594be68607", "qty" : "1", "attribute" : "", "subtotal" : 2500000, "order_status" : 1 } ], "orderId" : "AXGBNDqaR6xWWD4cb", "status" : "new", "time" : 1456221680415, "total" : 5180000, "userid" : "Cu5cuKGqwLv35uNjM" }
{ "_id" : "yrDWXnShCh3QuTkxP", "userid" : "Cu5cuKGqwLv35uNjM", "orderId" : "q7usBYnfRrW7qDYnN", "total" : 1026000, "items" : [ { "id_product" : "563feda701f64d594be68477", "qty" : "1", "attribute" : "", "subtotal" : 1026000, "order_status" : 1 } ], "time" : 1457076263756 }
{ "_id" : "zWSeBD4wgEPbGT98a", "userid" : null, "orderId" : "JsxsH5pGgPf5zQ3rf", "total" : NaN, "items" : [ { "id_product" : "563feda701f64d594be68602", "qty" : "1", "attribute" : "563f758501f64d594be681b9", "subtotal" : 3, "order_status" : 1 }, { "id_product" : "563feda701f64d594be68600", "qty" : "1", "attribute" : "", "subtotal" : NaN, "order_status" : 1 } ], "time" : 1457864042671 }
