{ "_id" : "246ZYQniCaPjwKG5p", "title" : "سال تولید", "category_id" : "DYq5Z8GmZZ6wyMmWj", "category_id" : "DYq5Z8GmZZ6wyMmWj", "i18n" : { "en" : { "title" : "year of production" } } }
{ "_id" : "275TmY4bfMxzRTxc7", "title" : "بافت", "category_id" : "gP69cBCbjSQ6fES38", "i18n" : { "en" : { "title" : "texture" } } }
{ "_id" : "2oYuMyv6FgoPSmuhc", "title" : "بافت", "category_id" : "SGXfvpiqSXNqTFuTt", "i18n" : { "en" : { "title" : "texture" } } }
{ "_id" : "2upZMQ6T2e6apg3hd", "title" : "بافت", "category_id" : "ArLbta8XFeQLassW3", "category" : "ZzfWqBgHZz4AY6M5B", "i18n" : { "en" : { "title" : "texture" } } }
{ "_id" : "3Jkbnj3ksA2mubkNr", "title" : "فصل مناسب استفاده", "category_id" : "DYq5Z8GmZZ6wyMmWj", "category_id" : "DYq5Z8GmZZ6wyMmWj" }
{ "_id" : "3zzheQ5bSzboGiBea", "title" : "نوع رایحه", "category_id" : "DYq5Z8GmZZ6wyMmWj", "category_id" : "DYq5Z8GmZZ6wyMmWj" }
{ "_id" : "4C3MCcKLpEroxc5G7", "title" : "نتیجه پایانی", "category_id" : "CatL4vMeevtFZjgFr", "i18n" : { "en" : { "title" : "result" } } }
{ "_id" : "57JmjYsqyDY7iJSia", "title" : "نگرانی ها", "category_id" : "nsTBwMj44DQ7XvLrY", "i18n" : { "en" : { "title" : "Concerns" } } }
{ "_id" : "57xmJ8PBSy374wLAw", "title" : "نوع پوست", "category_id" : "q34WQNJtKL8W27B22" }
{ "_id" : "5KS5ek8NaDdPKFX77", "title" : "بافت", "category_id" : "g54LEL2s4ZhSeoxGA", "i18n" : { "en" : { "title" : "texture" } } }
{ "_id" : "66Nj4LKN6NES5krmd", "title" : "سن مصرف", "category_id" : "LFypPyKESqjz679NG", "i18n" : { "en" : { "title" : "age" } } }
{ "_id" : "6LwMj5NSSqTF6892o", "title" : "بافت", "category_id" : "S62qW7cdSw9mGmei6", "i18n" : { "en" : { "title" : "texture" } } }
{ "_id" : "6xWg2KktKooeA2uEE", "title" : "سن مصرف", "category_id" : "dyRPT42HxvbLEpuXa", "i18n" : { "en" : { "title" : "age" } } }
{ "_id" : "7NWFTtSSh8Xri2WBW", "title" : "نتیجه پایانی", "category_id" : "mibcRgpikLhdGK7m2", "i18n" : { "en" : { "title" : "result" } } }
{ "_id" : "7fCPP8nmYTu7H7Dn2", "title" : "بافت", "category_id" : "DakYaeC3PLDmThqwc", "i18n" : { "en" : { "title" : "texture" } } }
{ "_id" : "8YjGsawSRqfg7ktsD", "title" : "سن مصرف", "category_id" : "nsTBwMj44DQ7XvLrY", "i18n" : { "en" : { "title" : "age" } } }
{ "_id" : "8inED4ooenKbbT7jS", "title" : "بافت", "category_id" : "2aiPc2T5EiQmHDK3a", "i18n" : { "en" : { "title" : "texture" } } }
{ "_id" : "8tDYsnibwdcymoaWr", "title" : "SPF", "category_id" : "hpvKt9iBNovG4XbGk", "i18n" : { "en" : { "title" : "SPF" } } }
{ "_id" : "8y4bpozHrymws4pjP", "title" : "نتیجه پایانی", "category_id" : "qsAG2HDpdgZdssMt2", "i18n" : { "en" : { "title" : "result" } } }
{ "_id" : "9EnfyzCQcK2ur9mZ6", "title" : "نتیجه پایانی", "category_id" : "occNnpndu26gKrBjA", "i18n" : { "en" : { "title" : "result" } } }
{ "_id" : "9HFxjkFGXENEusoDe", "title" : "نگرانی ها", "category_id" : "Nd7J5J6KBzmBxcYdT", "i18n" : { "en" : { "title" : "Concerns" } } }
{ "_id" : "AA4ELkkaKbQPpBMsk", "title" : "نگرانی ها", "category_id" : "4AWmRxBmCJNXi8yT6" }
{ "_id" : "AYjkpQd2tJqHoXQvz", "title" : "خانواده بویایی", "category_id" : "DYq5Z8GmZZ6wyMmWj", "category_id" : "DYq5Z8GmZZ6wyMmWj", "i18n" : { "en" : { "title" : "olfactory" } } }
{ "_id" : "AeZzs4nBmYeD8YLur", "title" : "نتیجه پایانی", "category_id" : "2KwvsYZRzMjYCbrRX", "i18n" : { "en" : { "title" : "result" } } }
{ "_id" : "B6oaPae3jvs7LRCL5", "title" : "بافت", "category_id" : "pmLmSCxeKHqMhXpNg", "i18n" : { "en" : { "title" : "texture" } } }
{ "_id" : "CjT5cWnSi3tMkjPd9", "title" : "گروه عطر", "category_id" : "DYq5Z8GmZZ6wyMmWj", "category_id" : "DYq5Z8GmZZ6wyMmWj", "i18n" : { "en" : { "title" : "perfume type" } } }
{ "_id" : "Cvc8NTiitWDbkWr8a", "title" : "بافت", "category_id" : "dyRPT42HxvbLEpuXa", "i18n" : { "en" : { "title" : "texture" } } }
{ "_id" : "E3QWKFderycgy49ya", "title" : "نتیجه پایانی", "category_id" : "KQjopepnzsMdZgjt4", "i18n" : { "en" : { "title" : "result" } } }
{ "_id" : "EL8gu5yzMaHvX3qRN", "title" : "نتیجه پایانی", "category_id" : "2aiPc2T5EiQmHDK3a", "i18n" : { "en" : { "title" : "result" } } }
{ "_id" : "EbuFFBWRH6xHP6k9v", "title" : "نگرانی ها", "category_id" : "eFscjE3onLDXh9Msa", "i18n" : { "en" : { "title" : "Concerns" } } }
{ "_id" : "FQYctHkdQNb5fPbTK", "title" : "بافت", "category_id" : "eFscjE3onLDXh9Msa", "i18n" : { "en" : { "title" : "texture" } } }
{ "_id" : "Fw5qnnEHZX2qfkiMw", "title" : "خاصیت", "category_id" : "g54LEL2s4ZhSeoxGA", "i18n" : { "en" : { "title" : "use" } } }
{ "_id" : "GF2vbiFE9ntE7F8kg", "title" : "نتیجه پایانی", "category_id" : "XAzgZSdu64rsemJGL", "i18n" : { "en" : { "title" : "result" } } }
{ "_id" : "GXdJxDFPrGZWttzqA", "title" : "نتیجه پایانی", "category_id" : "drBcq5CzzqnidkaNG", "i18n" : { "en" : { "title" : "result" } } }
{ "_id" : "GpLgiTyJM2QdtSoqZ", "title" : "ترکیبات", "category_id" : "hpvKt9iBNovG4XbGk", "i18n" : { "en" : { "title" : "ingerdient" } } }
{ "_id" : "GtRq9MJqhooi4Q5LL", "title" : "نتیجه پایانی", "category_id" : "LFypPyKESqjz679NG", "i18n" : { "en" : { "title" : "result" } } }
{ "_id" : "HfdJM59Fdopsba8Gg", "title" : "بافت", "category_id" : "LFypPyKESqjz679NG", "i18n" : { "en" : { "title" : "texture" } } }
{ "_id" : "JT9beL3BP6sSwim7n", "title" : "سن مصرف", "category_id" : "4AWmRxBmCJNXi8yT6", "i18n" : { "en" : { "title" : "age" } } }
{ "_id" : "JbHJzkPWXDkCHQWAQ", "title" : "نگرانی ها", "category_id" : "q34WQNJtKL8W27B22", "i18n" : { "en" : { "title" : "Concerns" } } }
{ "_id" : "Jj82kx9RqYtZwHDsd", "title" : "بافت", "category_id" : "vdmHjkJuosuzYRMs2", "i18n" : { "en" : { "title" : "texture" } } }
{ "_id" : "K2DauhPwdQxWZYA6D", "title" : "سن مصرف", "category_id" : "Nd7J5J6KBzmBxcYdT", "i18n" : { "en" : { "title" : "age" } } }
{ "_id" : "K3H4Y3Nv4sh2yQQ9m", "title" : "نتیجه پایانی", "category_id" : "hpvKt9iBNovG4XbGk", "i18n" : { "en" : { "title" : "result" } } }
{ "_id" : "KJtefAKwC3nP2Hehr", "title" : "سن مصرف", "category_id" : "fPjZNzQSNSLhPSgp8", "i18n" : { "en" : { "title" : "age" } } }
{ "_id" : "KZG5fCe78hEBpNQsW", "title" : "نتیجه پایانی", "category_id" : "4AWmRxBmCJNXi8yT6", "i18n" : { "en" : { "title" : "result" } } }
{ "_id" : "LoZfiKvbGkEP5XgH2", "title" : "بافت", "category_id" : "drBcq5CzzqnidkaNG", "i18n" : { "en" : { "title" : "texture" } } }
{ "_id" : "LqAvgh2MRT3PDBwuS", "title" : "نگرانی ها", "category_id" : "KQjopepnzsMdZgjt4", "i18n" : { "en" : { "title" : "Concerns" } } }
{ "_id" : "MACQYvJE3gz4Kgt88", "title" : "نگرانی ها", "category_id" : "k9zRggRXH3hhGFMkH", "i18n" : { "en" : { "title" : "Concerns" } } }
{ "_id" : "MdBoSvLHhoPnHeQM9", "title" : "نگرانی ها", "category_id" : "CatL4vMeevtFZjgFr", "i18n" : { "en" : { "title" : "Concerns" } } }
{ "_id" : "MfCcP8FTYFhpSBANp", "title" : "بافت", "category_id" : "XAzgZSdu64rsemJGL", "i18n" : { "en" : { "title" : "texture" } } }
{ "_id" : "MwNdqL7ghwHBWwrJr", "title" : "بافت", "category_id" : "nsTBwMj44DQ7XvLrY", "i18n" : { "en" : { "title" : "texture" } } }
{ "_id" : "NR94sxfFybeyz95GF", "title" : "نگرانی ها", "category_id" : "t6kLv6BQS9FC3q6Tr", "i18n" : { "en" : { "title" : "Concerns" } } }
{ "_id" : "PBhk3gF6Fh4HhbQwx", "title" : "نوع پوست", "category_id" : "vdmHjkJuosuzYRMs2", "i18n" : { "en" : { "title" : "skin type" } } }
{ "_id" : "PsMoBP3mPvXa85Aco", "title" : "سن مصرف", "category_id" : "t6kLv6BQS9FC3q6Tr", "i18n" : { "en" : { "title" : "age" } } }
{ "_id" : "QNJDLuZWSQPZDeskz", "title" : "بافت", "category_id" : "ePRYHKjhu4s3Frsmj", "i18n" : { "en" : { "title" : "texture" } } }
{ "_id" : "R579wHuM8Yu46ZNZ2", "title" : "بافت", "category_id" : "8HKqJJbB85uf2ECk2", "i18n" : { "en" : { "title" : "texture" } } }
{ "_id" : "RDpsAWfyhJQ6boADo", "title" : "SPF", "category_id" : "ePRYHKjhu4s3Frsmj", "i18n" : { "en" : { "title" : "SPF" } } }
{ "_id" : "RFnWEAQuZMYZnWkwc", "title" : "بافت", "category_id" : "fPjZNzQSNSLhPSgp8", "i18n" : { "en" : { "title" : "texture" } } }
{ "_id" : "Rketenzsb2Y3ABpWh", "title" : "سن مصرف", "category_id" : "CatL4vMeevtFZjgFr", "i18n" : { "en" : { "title" : "age" } } }
{ "_id" : "SBvKJ9LccG49yr4oZ", "title" : "نتیجه پایانی", "category_id" : "dyRPT42HxvbLEpuXa", "i18n" : { "en" : { "title" : "result" } } }
{ "_id" : "TEA2fFgKequcApmkK", "title" : "نگرانی ها", "category_id" : "8HKqJJbB85uf2ECk2" }
{ "_id" : "W2EDDenNY3bhA2tn5", "title" : "نتیجه پایانی", "category_id" : "RTjtzQcGinMoKoTx5", "i18n" : { "en" : { "title" : "result" } } }
{ "_id" : "WXCuDyhfS7SrJsjbq", "title" : "بافت", "category_id" : "KQjopepnzsMdZgjt4", "i18n" : { "en" : { "title" : "texture" } } }
{ "_id" : "WrimjzNS7hCEukKqv", "title" : "نگرانی ها", "category_id" : "S62qW7cdSw9mGmei6", "i18n" : { "en" : { "title" : "Concerns" } } }
{ "_id" : "XpYrnDk3s6LxnAt7D", "title" : "نتیجه پایانی", "category_id" : "nsTBwMj44DQ7XvLrY", "i18n" : { "en" : { "title" : "result" } } }
{ "_id" : "Xrdjw6NWPzqQQprNx", "title" : "SPF", "category_id" : "vdmHjkJuosuzYRMs2", "i18n" : { "en" : { "title" : "SPF" } } }
{ "_id" : "ZZDvdKDALpYL8wqYW", "title" : "بافت", "category_id" : "2KwvsYZRzMjYCbrRX", "i18n" : { "en" : { "title" : "texture" } } }
{ "_id" : "ZhkGPBeWaYr2SRwHC", "title" : "نتیجه پایانی", "category_id" : "5iNK2SbNsEaQz9cAP" }
{ "_id" : "ZrgjtqZh574dXkPRE", "title" : "نگرانی ها", "category_id" : "dyRPT42HxvbLEpuXa", "i18n" : { "en" : { "title" : "Concerns" } } }
{ "_id" : "a2JsPuSE2NHChXqEE", "title" : "نتیجه پایانی", "category_id" : "fPjZNzQSNSLhPSgp8", "i18n" : { "en" : { "title" : "result" } } }
{ "_id" : "a7aqEQifhtFfPKm94", "title" : "نوع پوست", "category_id" : "2KwvsYZRzMjYCbrRX", "i18n" : { "en" : { "title" : "skin type" } } }
{ "_id" : "a8AXPmcKkwKFTBKcE", "title" : "نتیجه پایانی", "category_id" : "pmLmSCxeKHqMhXpNg", "i18n" : { "en" : { "title" : "result" } } }
{ "_id" : "aCwTKgaKyzcrTmAvm", "title" : "نتیجه پایانی", "category_id" : "vdmHjkJuosuzYRMs2" }
{ "_id" : "aGZXzoYr6YKG9s9Re", "title" : "نتیجه پایانی", "category_id" : "gP69cBCbjSQ6fES38", "i18n" : { "en" : { "title" : "result" } } }
{ "_id" : "ajgwqFkGTXPWaX6BQ", "title" : "نتیجه پایانی", "category_id" : "Nd7J5J6KBzmBxcYdT", "i18n" : { "en" : { "title" : "result" } } }
{ "_id" : "amTkerG7ye9hGT27H", "title" : "نوع پوست", "category_id" : "KQjopepnzsMdZgjt4", "i18n" : { "en" : { "title" : "skin type" } } }
{ "_id" : "bH8hTFJLEkj6xDt99", "title" : "نگرانی ها", "category_id" : "hpvKt9iBNovG4XbGk", "i18n" : { "en" : { "title" : "Concerns" } } }
{ "_id" : "cDnWE9ADmCKTJF2CR", "title" : "نگرانی ها", "category_id" : "ePRYHKjhu4s3Frsmj", "i18n" : { "en" : { "title" : "Concerns" } } }
{ "_id" : "cEWzdAGxaFDZ976S4", "title" : "بافت", "category_id" : "Nd7J5J6KBzmBxcYdT" }
{ "_id" : "cP4CpAxx7JRdJsRcc", "title" : "پوشش دهی", "category_id" : "ePRYHKjhu4s3Frsmj", "i18n" : { "en" : { "title" : "coverage" } } }
{ "_id" : "creFZh2ySp8savpP7", "title" : "جنسیت", "category_id" : "DYq5Z8GmZZ6wyMmWj", "category_id" : "DYq5Z8GmZZ6wyMmWj" }
{ "_id" : "d2v2C4aQ2c4ixjhof", "title" : "نگرانی ها", "category_id" : "2KwvsYZRzMjYCbrRX", "i18n" : { "en" : { "title" : "Concerns" } } }
{ "_id" : "dMKkmRjF5m46GNFB3", "title" : "نوع پوست", "category_id" : "hpvKt9iBNovG4XbGk", "i18n" : { "en" : { "title" : "skin type" } } }
{ "_id" : "dP4TH3wqd8PXkE8ZF", "title" : "ترکیبات", "category_id" : "ePRYHKjhu4s3Frsmj", "i18n" : { "en" : { "title" : "ingerdient" } } }
{ "_id" : "dbkZXseLyxXvqrJic", "title" : "سن مصرف", "category_id" : "KQjopepnzsMdZgjt4", "i18n" : { "en" : { "title" : "age" } } }
{ "_id" : "dpXJwj6FEfxawRZgy", "title" : "سن مصرف", "category_id" : "2KwvsYZRzMjYCbrRX", "i18n" : { "en" : { "title" : "age" } } }
{ "_id" : "e2Jsmwto5rCMyGEfD", "title" : "نوع پوست", "category_id" : "4AWmRxBmCJNXi8yT6", "i18n" : { "en" : { "title" : "skin type" } } }
{ "_id" : "e7hBd2rqtCGLRLc67", "title" : "ترکیبات", "category_id" : "2aiPc2T5EiQmHDK3a", "i18n" : { "en" : { "title" : "ingerdient" } } }
{ "_id" : "eKQm4x8qqzJxWNzhY", "title" : "بافت", "category_id" : "iM4nHmGZuyJz3Fgf6", "i18n" : { "en" : { "title" : "texture" } } }
{ "_id" : "enxbgWvXqS2KB7Za2", "title" : "نوع پوست", "category_id" : "dyRPT42HxvbLEpuXa", "i18n" : { "en" : { "title" : "skin type" } } }
{ "_id" : "et3YqtuhDtPgmTzCC", "title" : "نتیجه پایانی", "category_id" : "iM4nHmGZuyJz3Fgf6", "i18n" : { "en" : { "title" : "result" } } }
{ "_id" : "evNHgdGj7x6Grh6o2", "title" : "نتیجه پایانی", "category_id" : "8HKqJJbB85uf2ECk2", "i18n" : { "en" : { "title" : "result" } } }
{ "_id" : "f8hJC4cNvyeHsZk8T", "title" : "بافت", "category_id" : "4AWmRxBmCJNXi8yT6", "i18n" : { "en" : { "title" : "texture" } } }
{ "_id" : "frFsMxTgEcqQRzjLp", "title" : "نتیجه پایانی", "category_id" : "eFscjE3onLDXh9Msa", "i18n" : { "en" : { "title" : "result" } } }
{ "_id" : "gRFKesMhJZJMsQsig", "title" : "نگرانی ها", "category_id" : "LFypPyKESqjz679NG" }
{ "_id" : "hAJGyMkzED4GiaEwK", "title" : "نگرانی ها", "category_id" : "mibcRgpikLhdGK7m2" }
{ "_id" : "hCCc6zAcQn8zdNR4R", "title" : "نتیجه پایانی", "category_id" : "KufhT4TdAuWYmuGwE", "i18n" : { "en" : { "title" : "result" } } }
{ "_id" : "hEmbNX2BSGKxGtLyp", "title" : "بافت", "category_id" : "RTjtzQcGinMoKoTx5", "i18n" : { "en" : { "title" : "texture" } } }
{ "_id" : "haLkvgz3fM3iioL78", "title" : "بافت", "category_id" : "KufhT4TdAuWYmuGwE", "i18n" : { "en" : { "title" : "texture" } } }
{ "_id" : "i82LHJWa9eyjjY2Td", "title" : "نگرانی ها", "category_id" : "fPjZNzQSNSLhPSgp8", "i18n" : { "en" : { "title" : "Concerns" } } }
{ "_id" : "i83HcJYYpCQKmFgcd", "title" : "نتیجه پایانی", "category_id" : "ePRYHKjhu4s3Frsmj", "i18n" : { "en" : { "title" : "result" } } }
{ "_id" : "jF4scwnroSAFiddwZ", "title" : "نگرانی ها", "category_id" : "qsAG2HDpdgZdssMt2", "i18n" : { "en" : { "title" : "Concerns" } } }
{ "_id" : "krSomDGd3tsRRFN4i", "title" : "مناسبت", "category_id" : "DYq5Z8GmZZ6wyMmWj", "category_id" : "DYq5Z8GmZZ6wyMmWj", "i18n" : { "en" : { "title" : "occasion" } } }
{ "_id" : "mTw2uJ7ghSsgEF5o2", "title" : "ترکیبات", "category_id" : "RTjtzQcGinMoKoTx5", "i18n" : { "en" : { "title" : "ingerdient" } } }
{ "_id" : "miTYztfgKqt8kz38c", "title" : "بافت", "category_id" : "hpvKt9iBNovG4XbGk", "i18n" : { "en" : { "title" : "texture" } } }
{ "_id" : "mkyeYXpfTnp6emdhe", "title" : "نتیجه پایانی", "category_id" : "CaFR6qB3w8zxeAFeu", "i18n" : { "en" : { "title" : "result" } } }
{ "_id" : "mpnFBaPwhdWaYfYae", "title" : "بافت", "category_id" : "t6kLv6BQS9FC3q6Tr", "i18n" : { "en" : { "title" : "texture" } } }
{ "_id" : "mrR82t3Tp5oSHmGbW", "title" : "نگرانی ها", "category_id" : "vdmHjkJuosuzYRMs2", "i18n" : { "en" : { "title" : "Concerns" } } }
{ "_id" : "mwnfdiwd3NnwQGgZg", "title" : "نتیجه پایانی", "category_id" : "k9zRggRXH3hhGFMkH", "i18n" : { "en" : { "title" : "result" } } }
{ "_id" : "n2fk8AmzZfwN2roXm", "title" : "بافت", "category_id" : "qsAG2HDpdgZdssMt2", "i18n" : { "en" : { "title" : "texture" } } }
{ "_id" : "nGGouekdTQNjyBFLi", "title" : "ترکیبات", "category_id" : "D5A646CMz4qzMHDBR", "i18n" : { "en" : { "title" : "ingerdient" } } }
{ "_id" : "nrcR8CqHadiTAGdD6", "title" : "نوع پوست", "category_id" : "CatL4vMeevtFZjgFr" }
{ "_id" : "oqkAYF7ZeyMGKoNo8", "title" : "بافت", "category_id" : "CaFR6qB3w8zxeAFeu", "i18n" : { "en" : { "title" : "texture" } } }
{ "_id" : "pENiEzj2NaX8qB2bm", "title" : "نگرانی ها", "category_id" : "CaFR6qB3w8zxeAFeu", "i18n" : { "en" : { "title" : "Concerns" } } }
{ "_id" : "pFsrJjaxQ7tHukmwp", "title" : "نگرانی ها", "category_id" : "XAzgZSdu64rsemJGL", "i18n" : { "en" : { "title" : "Concerns" } } }
{ "_id" : "pmXNewJbw2wqyK4fe", "title" : "پوشش دهی", "category_id" : "hpvKt9iBNovG4XbGk" }
{ "_id" : "r8w6D25KGj4fiFivc", "title" : "خاصیت", "category_id" : "D5A646CMz4qzMHDBR", "i18n" : { "en" : { "title" : "use" } } }
{ "_id" : "rhnv5qm5AGciigRqE", "title" : "ترکیبات", "category_id" : "g54LEL2s4ZhSeoxGA", "i18n" : { "en" : { "title" : "ingerdient" } } }
{ "_id" : "rs22SuPXd5GTT228q", "title" : "بافت", "category_id" : "q34WQNJtKL8W27B22", "i18n" : { "en" : { "title" : "texture" } } }
{ "_id" : "ruEX2Pr9B3HMp8Frf", "title" : "بافت", "category_id" : "CatL4vMeevtFZjgFr", "i18n" : { "en" : { "title" : "texture" } } }
{ "_id" : "sAseuc3i3cugA8dBp", "title" : "نتیجه پایانی", "category_id" : "SGXfvpiqSXNqTFuTt", "i18n" : { "en" : { "title" : "result" } } }
{ "_id" : "sDx8jXnmhN65XqLno", "title" : "ترکیبات", "category_id" : "S62qW7cdSw9mGmei6", "i18n" : { "en" : { "title" : "ingerdient" } } }
{ "_id" : "saZitBNdyntXNotBd", "title" : "نگرانی ها", "category_id" : "iM4nHmGZuyJz3Fgf6", "i18n" : { "en" : { "title" : "Concerns" } } }
{ "_id" : "tZy6yZ5o3qGE28rpu", "title" : "نوع پوست", "category_id" : "Nd7J5J6KBzmBxcYdT", "i18n" : { "en" : { "title" : "skin type" } } }
{ "_id" : "v3ce7BuuW3fCQNk34", "title" : "نگرانی ها", "category_id" : "pmLmSCxeKHqMhXpNg" }
{ "_id" : "vbnixmB8i2iMvok2k", "title" : "نتیجه پایانی", "category_id" : "q34WQNJtKL8W27B22", "i18n" : { "en" : { "title" : "result" } } }
{ "_id" : "vecBKMNqNtytEc9xB", "title" : "نوع پوست", "category_id" : "t6kLv6BQS9FC3q6Tr", "i18n" : { "en" : { "title" : "skin type" } } }
{ "_id" : "vzpnTvrpjpWFuEhrQ", "title" : "سن مصرف", "category_id" : "q34WQNJtKL8W27B22", "i18n" : { "en" : { "title" : "age" } } }
{ "_id" : "yKB2NywGsFgRDMTgx", "title" : "بافت", "category_id" : "occNnpndu26gKrBjA", "i18n" : { "en" : { "title" : "texture" } } }
{ "_id" : "zCih7xz9Kmqmpk5TK", "title" : "نگرانی ها", "category_id" : "KufhT4TdAuWYmuGwE", "i18n" : { "en" : { "title" : "Concerns" } } }
{ "_id" : "zM4JrzeeWRhtNWQ2c", "title" : "نوع عطر", "category_id" : "DYq5Z8GmZZ6wyMmWj", "category_id" : "DYq5Z8GmZZ6wyMmWj", "i18n" : { "en" : { "title" : "kind of perfume" } } }
{ "_id" : "zWAMLYuGoj3TzKjG4", "title" : "نتیجه پایانی", "category_id" : "t6kLv6BQS9FC3q6Tr", "i18n" : { "en" : { "title" : "result" } } }
{ "_id" : "zaMu45E33PwWcgqnJ", "title" : "نتیجه پایانی", "category_id" : "S62qW7cdSw9mGmei6", "i18n" : { "en" : { "title" : "result" } } }
{ "_id" : "zcsFPpwuP3QFRnDDR", "title" : "بافت", "category_id" : "k9zRggRXH3hhGFMkH", "i18n" : { "en" : { "title" : "texture" } } }
