{ "_id" : "5iABERZJpXRifDqXN", "name" : "شما چند سالته؟", "tag" : "age" }
{ "_id" : "AMRFyuoeY6nY7BSzz", "name" : "رنگ پوست شما چیست؟", "tag" : "skin" }
{ "_id" : "KKmGc52puLkD2sTHs", "name" : "رنگ موهای شما چیست", "tag" : "hair" }
{ "_id" : "XaKYuwgwiLqeR7CBX", "name" : "چه نوع پوست شما است؟", "tag" : "skintype" }
{ "_id" : "cfEXQpoBpeYcuEZYy", "name" : "آیا شما موهای بلند؟", "tag" : "longhair" }
{ "_id" : "eHQpAWWEFurq4mazg", "name" : "شغل شما چیست؟", "tag" : "job" }
