{ "_id" : "3B2KJ4jFn72NQ6xAN", "name" : "Quel est la couleur de ton lipstick", "type" : "Eye", "question" : [ { "question" : "how old are you", "parent_tag" : "نگرانی ها", "image" : "RyMxTj7J2vFEpoyYf", "answers" : [ { "value" : "hgdhgd", "image" : "irSZt9CkXArdF4tDr", "tag" : "ساتنی" }, { "value" : "jgkut", "image" : "irSZt9CkXArdF4tDr", "tag" : "شفاف" } ] }, { "question" : "how old are you2", "parent_tag" : "نتیجه پایانی", "image" : "RyMxTj7J2vFEpoyYf", "answers" : [ { "value" : "jgkut", "image" : "irSZt9CkXArdF4tDr", "tag" : "شفاف" } ] } ] }
{ "_id" : "8yhaWqRYefjpcxptS", "name" : "LAST quizz", "type" : "Profile", "question" : [ { "question" : "How old?", "parent_tag" : "نگرانی ها", "image" : "boaQo687K6SbgTSDR", "answers" : [ { "value" : "10", "image" : "kBaooP6YtAQLGGeHE", "tag" : "استحکام پوست" }, { "value" : "20", "image" : "dgYqJzAkTE3MazeAx", "tag" : "کدری پوست" }, { "value" : "30", "image" : "JexcLRmjZgY8yfwnH", "tag" : "چین و چروک" } ] } ] }
{ "_id" : "ngNrqAKoFiSPg88Qd", "name" : "Kreya", "type" : "Body", "question" : [ { "question" : "How old?", "parent_tag" : "پوشش دهی", "image" : "Xb9r7Bkt3CY8vntDR", "answers" : [ { "value" : "20", "image" : "axWsi33TgXKn7zYzJ", "tag" : "متوسط" }, { "value" : "30", "image" : "JYYFP6sJN7iZNaZAS", "tag" : "سبک" } ] }, { "question" : "Color?", "parent_tag" : "نتیجه پایانی", "image" : "e9qP9X8xuPSSeMk3B", "answers" : [ { "value" : "Blue", "image" : "6jbqzvXGPTTaP9aiQ", "tag" : "براق" }, { "value" : "Black", "image" : "ZExymZ9Ej5XHpMHk8", "tag" : "مات" } ] } ] }
{ "_id" : "vZTJLQqzsrmEqXaMT", "name" : "THIRD test", "type" : "Profile", "question" : [ { "question" : "Who are you?", "parent_tag" : "نتیجه پایانی", "image" : "vCYeGFYYysJdjvkZc", "answers" : [ { "value" : "Im black", "image" : "4qD66McKXcdP2FXmX", "tag" : "شفاف کننده" }, { "value" : "Im yellow", "image" : "4qD66McKXcdP2FXmX", "tag" : "شفاف کننده" }, { "value" : "Im blue", "image" : "5Xg7SRbADRFfG9WJd", "tag" : "شفاف کننده" } ] } ] }
{ "_id" : { "$oid" : "56dbbef0d21a67647da803d3" }, "name" : "LAST DJIB", "type" : "Profile", "question" : [ { "question" : "Who are you?", "parent_tag" : "نتیجه پایانی", "image" : "vCYeGFYYysJdjvkZc", "answers" : [ { "value" : "Im black", "image" : "4qD66McKXcdP2FXmX", "tag" : "شفاف کننده" }, { "value" : "Im yellow", "image" : "4qD66McKXcdP2FXmX", "tag" : "شفاف کننده" }, { "value" : "Im blue", "image" : "5Xg7SRbADRFfG9WJd", "tag" : "شفاف کننده" } ] } ] }
